Niko,0.0
Niko,785520.0
Harpaz,540.0
Niko,0.0
Niko,60.0
Harpaz,0.0
Niko,60.0
Harpaz,0.0
Niko,0.0
Harpaz,0.0
Niko,0.0
Niko,0.0
Niko,60.0
Harpaz,0.0
Harpaz,12960.0
Harpaz,60.0
Harpaz,701700.0
Niko,1740.0
Niko,0.0
Harpaz,0.0
Harpaz,60.0
Niko,120.0
Niko,0.0
Harpaz,0.0
Harpaz,0.0
Niko,0.0
Harpaz,0.0
Harpaz,0.0
Harpaz,60.0
Harpaz,0.0
Harpaz,0.0
Harpaz,0.0
Harpaz,60.0
Niko,180.0
Harpaz,0.0
Niko,0.0
Harpaz,60.0
Harpaz,0.0
Harpaz,0.0
Harpaz,0.0
Niko,1680.0
Niko,0.0
Harpaz,360.0
Harpaz,0.0
Niko,180.0
Harpaz,240.0
Niko,2040.0
Harpaz,1200.0
Harpaz,60.0
Harpaz,0.0
Harpaz,0.0
Harpaz,0.0
Niko,1380.0
Harpaz,60.0
Harpaz,0.0
Niko,0.0
Harpaz,0.0
Niko,0.0
Harpaz,0.0
Harpaz,60.0
Niko,0.0
Harpaz,0.0
Harpaz,0.0
Niko,0.0
Harpaz,60.0
Niko,0.0
Niko,0.0
Niko,0.0
Harpaz,60.0
Harpaz,0.0
Niko,0.0
Harpaz,0.0
Niko,0.0
Harpaz,0.0
Niko,60.0
Harpaz,0.0
Niko,0.0
Niko,60.0
Harpaz,0.0
Harpaz,0.0
Niko,0.0
Harpaz,0.0
Harpaz,0.0
Niko,60.0
Harpaz,0.0
Harpaz,60.0
Niko,0.0
Niko,60.0
Harpaz,0.0
Niko,0.0
Harpaz,0.0
Harpaz,60.0
Harpaz,0.0
Harpaz,0.0
Niko,0.0
Harpaz,0.0
Niko,0.0
Harpaz,0.0
Harpaz,0.0
Harpaz,0.0
Niko,0.0
Harpaz,60.0
Harpaz,0.0
Harpaz,0.0
Harpaz,0.0
Niko,60.0
Niko,0.0
Harpaz,60.0
Harpaz,0.0
Harpaz,0.0
Niko,0.0
Harpaz,60.0
Harpaz,0.0
Harpaz,0.0
Harpaz,0.0
Niko,60.0
Harpaz,0.0
Harpaz,0.0
Harpaz,0.0
Harpaz,0.0
Harpaz,0.0
Niko,60.0
Niko,0.0
Niko,0.0
Harpaz,0.0
Niko,0.0
Harpaz,0.0
Niko,0.0
Harpaz,60.0
Harpaz,0.0
Harpaz,0.0
Niko,0.0
Harpaz,0.0
Niko,0.0
Niko,0.0
Harpaz,0.0
Niko,0.0
Harpaz,60.0
Harpaz,0.0
Niko,0.0
Harpaz,60.0
Harpaz,0.0
Niko,0.0
Harpaz,0.0
Niko,0.0
Harpaz,0.0
Niko,0.0
Harpaz,0.0
Niko,60.0
Harpaz,0.0
Harpaz,0.0
Harpaz,60.0
Harpaz,0.0
Niko,0.0
Harpaz,0.0
Harpaz,58740.0
Niko,0.0
Harpaz,0.0
Niko,0.0
Niko,0.0
Niko,0.0
Harpaz,60.0
Harpaz,0.0
Niko,0.0
Niko,0.0
Harpaz,0.0
Niko,0.0
Harpaz,0.0
Niko,0.0
Harpaz,0.0
Harpaz,60.0
Niko,0.0
Niko,0.0
Niko,0.0
Harpaz,0.0
Harpaz,60.0
Niko,0.0
Harpaz,3364620.0
Harpaz,4096320.0
Niko,14220.0
Harpaz,60360.0
Niko,0.0
Niko,0.0
Harpaz,60.0
Niko,0.0
Harpaz,60.0
Niko,0.0
Harpaz,2256840.0
Harpaz,0.0
Harpaz,0.0
Harpaz,60.0
Niko,1500.0
Niko,0.0
Niko,60.0
Niko,180.0
Niko,0.0
Niko,60.0
Harpaz,240.0
Niko,60.0
Harpaz,120.0
Harpaz,0.0
Niko,0.0
Niko,60.0
Harpaz,60.0
Niko,0.0
Niko,0.0
Harpaz,600.0
Harpaz,0.0
Niko,0.0
Niko,60.0
Niko,0.0
Niko,0.0
Harpaz,0.0
Harpaz,0.0
Niko,849900.0
Harpaz,900.0
Niko,60.0
Harpaz,60.0
Harpaz,0.0
Niko,0.0
Niko,60.0
Harpaz,0.0
Niko,0.0
Niko,0.0
Harpaz,0.0
Harpaz,0.0
Niko,60.0
Niko,0.0
Niko,0.0
Niko,0.0
Niko,0.0
Harpaz,60.0
Harpaz,180.0
Niko,840.0
Niko,0.0
Niko,0.0
Harpaz,60.0
Niko,60.0
Harpaz,0.0
Harpaz,60.0
Harpaz,0.0
Niko,0.0
Harpaz,0.0
Niko,0.0
Harpaz,0.0
Harpaz,60.0
Harpaz,0.0
Niko,0.0
Harpaz,60.0
Niko,180.0
Harpaz,60.0
Niko,60.0
Harpaz,0.0
Niko,0.0
Harpaz,60.0
Niko,0.0
Niko,0.0
Niko,60.0
Harpaz,0.0
Harpaz,0.0
Harpaz,0.0
Niko,0.0
Harpaz,0.0
Niko,60.0
Harpaz,0.0
Harpaz,0.0
Niko,0.0
Harpaz,60.0
Niko,0.0
Niko,0.0
Harpaz,0.0
Niko,60.0
Niko,0.0
Niko,60.0
Harpaz,60.0
Harpaz,0.0
Harpaz,0.0
Harpaz,0.0
Harpaz,0.0
Niko,60.0
Niko,0.0
Niko,1020.0
Niko,0.0
Niko,60.0
Niko,0.0
Harpaz,120.0
Niko,120.0
Harpaz,60.0
Harpaz,0.0
Harpaz,0.0
Harpaz,0.0
Niko,0.0
Harpaz,0.0
Harpaz,0.0
Niko,60.0
Harpaz,0.0
Niko,0.0
Niko,0.0
Harpaz,0.0
Harpaz,0.0
Niko,0.0
Harpaz,0.0
Harpaz,0.0
Niko,0.0
Harpaz,401460.0
Harpaz,60.0
Harpaz,0.0
Niko,900.0
Harpaz,0.0
Niko,25140.0
Niko,0.0
Harpaz,0.0
Niko,60.0
Harpaz,0.0
Harpaz,0.0
Niko,0.0
Harpaz,0.0
Niko,0.0
Niko,0.0
Harpaz,0.0
Niko,0.0
Harpaz,0.0
Harpaz,60.0
Niko,0.0
Harpaz,0.0
Niko,0.0
Niko,0.0
Harpaz,60.0
Harpaz,0.0
Harpaz,0.0
Niko,0.0
Harpaz,420.0
Harpaz,60.0
Niko,0.0
Harpaz,60.0
Harpaz,0.0
Niko,0.0
Harpaz,60.0
Harpaz,0.0
Harpaz,0.0
Harpaz,0.0
Harpaz,0.0
Niko,0.0
Niko,60.0
Niko,0.0
Harpaz,0.0
Harpaz,0.0
Niko,0.0
Harpaz,264240.0
Niko,420.0
Niko,0.0
Harpaz,0.0
Harpaz,0.0
Niko,0.0
Niko,60.0
Harpaz,0.0
Harpaz,60.0
Niko,0.0
Niko,0.0
Harpaz,60.0
Niko,0.0
Niko,0.0
Harpaz,0.0
Harpaz,0.0
Harpaz,0.0
Harpaz,0.0
Harpaz,0.0
Harpaz,60.0
Harpaz,0.0
Niko,0.0
Harpaz,0.0
Harpaz,0.0
Harpaz,0.0
Niko,240.0
Harpaz,167880.0
Niko,0.0
Harpaz,0.0
Niko,0.0
Niko,0.0
Harpaz,60.0
Niko,0.0
Niko,0.0
Harpaz,0.0
Niko,0.0
Niko,0.0
Harpaz,0.0
Niko,0.0
Niko,0.0
Harpaz,60.0
Harpaz,0.0
Niko,0.0
Niko,0.0
Harpaz,0.0
Harpaz,0.0
Niko,0.0
Harpaz,151500.0
Harpaz,0.0
Harpaz,0.0
Harpaz,60.0
Niko,60.0
Harpaz,0.0
Harpaz,0.0
Niko,180.0
Harpaz,540.0
Harpaz,0.0
Harpaz,0.0
Harpaz,281760.0
Harpaz,0.0
Harpaz,0.0
Niko,180.0
Niko,60.0
Harpaz,0.0
Harpaz,0.0
Harpaz,0.0
Niko,60.0
Harpaz,60.0
Harpaz,0.0
Niko,720.0
Harpaz,60.0
Niko,0.0
Niko,0.0
Harpaz,0.0
Harpaz,0.0
Niko,0.0
Harpaz,60.0
Harpaz,0.0
Harpaz,0.0
Niko,0.0
Niko,0.0
Harpaz,0.0
Harpaz,0.0
Niko,60.0
Harpaz,0.0
Harpaz,0.0
Harpaz,0.0
Harpaz,0.0
Niko,0.0
Niko,0.0
Harpaz,0.0
Harpaz,60.0
Harpaz,0.0
Niko,0.0
Harpaz,0.0
Harpaz,60.0
Harpaz,0.0
Niko,0.0
Harpaz,0.0
Niko,0.0
Niko,60.0
Harpaz,0.0
Harpaz,0.0
Harpaz,0.0
Niko,0.0
Harpaz,0.0
Harpaz,0.0
Harpaz,0.0
Niko,60.0
Harpaz,0.0
Niko,0.0
Niko,0.0
Niko,0.0
Niko,0.0
Harpaz,60.0
Harpaz,0.0
Niko,60.0
Niko,60.0
Harpaz,0.0
Niko,0.0
Niko,0.0
Niko,60.0
Niko,0.0
Harpaz,60.0
Niko,60.0
Niko,0.0
Niko,0.0
Harpaz,0.0
Niko,60.0
Niko,0.0
Harpaz,0.0
Harpaz,0.0
Niko,60.0
Niko,0.0
Harpaz,0.0
Niko,60.0
Niko,0.0
Niko,60.0
Niko,0.0
Harpaz,0.0
Niko,60.0
Niko,0.0
Niko,0.0
Niko,60.0
Harpaz,60.0
Harpaz,0.0
Niko,420.0
Niko,0.0
Niko,0.0
Harpaz,1860.0
Niko,960.0
Harpaz,60.0
Niko,20820.0
Harpaz,26100.0
Niko,480.0
Niko,0.0
Niko,0.0
Niko,0.0
Niko,60.0
Niko,0.0
Harpaz,0.0
Harpaz,0.0
Harpaz,0.0
Niko,60.0
Niko,0.0
Harpaz,0.0
Harpaz,0.0
Niko,0.0
Niko,0.0
Niko,60.0
Niko,0.0
Harpaz,0.0
Harpaz,0.0
Harpaz,0.0
Niko,60.0
Niko,0.0
Niko,60.0
Harpaz,0.0
Harpaz,0.0
Niko,0.0
Niko,0.0
Niko,0.0
Harpaz,0.0
Niko,0.0
Niko,0.0
Harpaz,60.0
Niko,300.0
Niko,0.0
Niko,0.0
Harpaz,180.0
Harpaz,0.0
Harpaz,0.0
Niko,60.0
Harpaz,123780.0
Harpaz,0.0
Harpaz,0.0
Harpaz,0.0
Niko,60.0
Niko,60.0
Niko,0.0
Niko,0.0
Harpaz,0.0
Harpaz,60.0
Harpaz,0.0
Harpaz,0.0
Niko,0.0
Niko,0.0
Niko,0.0
Harpaz,60.0
Harpaz,0.0
Niko,0.0
Harpaz,0.0
Niko,0.0
Harpaz,0.0
Harpaz,0.0
Harpaz,0.0
Niko,0.0
Niko,60.0
Harpaz,0.0
Harpaz,0.0
Harpaz,0.0
Niko,0.0
Harpaz,0.0
Harpaz,0.0
Harpaz,60.0
Niko,0.0
Niko,0.0
Harpaz,0.0
Niko,0.0
Harpaz,0.0
Harpaz,0.0
Harpaz,0.0
Niko,0.0
Harpaz,60.0
Harpaz,0.0
Niko,0.0
Niko,0.0
Harpaz,0.0
Niko,0.0
Harpaz,0.0
Harpaz,0.0
Harpaz,0.0
Harpaz,0.0
Harpaz,0.0
Harpaz,60.0
Harpaz,0.0
Harpaz,0.0
Niko,0.0
Niko,0.0
Harpaz,0.0
Niko,0.0
Harpaz,60.0
Harpaz,0.0
Niko,0.0
Niko,0.0
Niko,0.0
Harpaz,0.0
Harpaz,0.0
Niko,60.0
Niko,0.0
Niko,0.0
Harpaz,0.0
Harpaz,0.0
Harpaz,0.0
Harpaz,0.0
Harpaz,60.0
Harpaz,0.0
Niko,120.0
Harpaz,0.0
Harpaz,0.0
Niko,0.0
Niko,0.0
Harpaz,0.0
Harpaz,60.0
Harpaz,0.0
Harpaz,0.0
Niko,0.0
Niko,0.0
Harpaz,0.0
Niko,0.0
Niko,0.0
Harpaz,0.0
Niko,0.0
Harpaz,0.0
Harpaz,0.0
Niko,0.0
Harpaz,0.0
Niko,0.0
Harpaz,0.0
Harpaz,0.0
Harpaz,60.0
Harpaz,0.0
Harpaz,0.0
Harpaz,0.0
Niko,0.0
Niko,0.0
Niko,0.0
Niko,0.0
Harpaz,60.0
Niko,0.0
Harpaz,0.0
Harpaz,0.0
Harpaz,0.0
Niko,0.0
Harpaz,0.0
Niko,0.0
Harpaz,60.0
Niko,0.0
Niko,0.0
Harpaz,0.0
Niko,0.0
Harpaz,0.0
Niko,180.0
Harpaz,89160.0
Harpaz,0.0
Harpaz,0.0
Niko,0.0
Harpaz,37440.0
Niko,60.0
Niko,60.0
Niko,0.0
Harpaz,0.0
Harpaz,0.0
Harpaz,0.0
Harpaz,0.0
Harpaz,0.0
Niko,60.0
Niko,0.0
Niko,0.0
Harpaz,0.0
Niko,0.0
Niko,0.0
Harpaz,0.0
Harpaz,0.0
Harpaz,0.0
Niko,60.0
Niko,0.0
Harpaz,0.0
Harpaz,0.0
Harpaz,0.0
Harpaz,60.0
Niko,0.0
Harpaz,0.0
Harpaz,0.0
Niko,0.0
Niko,0.0
Harpaz,60.0
Niko,0.0
Niko,0.0
Niko,0.0
Harpaz,0.0
Niko,0.0
Harpaz,0.0
Niko,60.0
Niko,0.0
Niko,0.0
Harpaz,0.0
Niko,60.0
Harpaz,0.0
Niko,540.0
Niko,0.0
Niko,37440.0
Niko,0.0
Harpaz,0.0
system,0.0
Harpaz,0.0
Niko,0.0
Harpaz,60.0
Harpaz,0.0
Harpaz,0.0
Harpaz,0.0
Niko,0.0
Harpaz,0.0
Harpaz,0.0
Niko,60.0
Niko,0.0
Niko,0.0
Harpaz,0.0
Harpaz,0.0
Niko,0.0
Niko,0.0
Niko,0.0
Harpaz,60.0
Harpaz,0.0
Harpaz,0.0
Harpaz,0.0
Harpaz,60.0
Harpaz,0.0
Harpaz,0.0
Niko,0.0
Niko,0.0
Harpaz,60.0
Harpaz,0.0
Harpaz,0.0
Niko,60.0
Niko,0.0
Niko,0.0
Harpaz,0.0
Harpaz,0.0
Harpaz,0.0
Harpaz,60.0
Harpaz,0.0
Niko,120.0
Niko,0.0
Niko,60.0
Harpaz,0.0
Harpaz,0.0
Harpaz,0.0
Harpaz,0.0
Harpaz,0.0
Niko,60.0
Niko,0.0
Harpaz,60.0
Harpaz,0.0
Niko,60.0
Niko,0.0
Harpaz,0.0
Niko,0.0
Niko,0.0
Niko,0.0
Niko,60.0
Niko,0.0
Niko,0.0
Harpaz,0.0
Niko,0.0
Niko,0.0
Niko,0.0
Harpaz,60.0
Harpaz,0.0
Niko,0.0
Niko,0.0
Harpaz,0.0
Niko,0.0
Niko,60.0
Niko,0.0
Harpaz,60.0
Niko,0.0
Niko,0.0
Harpaz,0.0
Niko,0.0
Harpaz,0.0
Niko,0.0
Harpaz,0.0
Harpaz,0.0
Harpaz,60.0
Niko,180.0
Harpaz,420.0
Harpaz,0.0
Niko,1020.0
Niko,0.0
Niko,0.0
Harpaz,0.0
Niko,0.0
Harpaz,0.0
Niko,0.0
Niko,0.0
Harpaz,0.0
Harpaz,0.0
Niko,60.0
Harpaz,0.0
Harpaz,0.0
Niko,180.0
Niko,0.0
Harpaz,0.0
Harpaz,0.0
Harpaz,85740.0
Niko,240.0
Niko,0.0
Harpaz,60.0
Harpaz,0.0
Harpaz,540.0
Harpaz,0.0
Niko,60.0
Niko,0.0
Harpaz,0.0
Niko,0.0
Harpaz,0.0
Niko,60.0
Niko,0.0
Harpaz,0.0
Niko,0.0
Niko,0.0
Niko,60.0
Niko,0.0
Niko,0.0
Niko,0.0
Harpaz,0.0
Niko,0.0
Niko,0.0
Harpaz,60.0
Harpaz,0.0
Niko,0.0
Niko,0.0
Harpaz,0.0
Niko,0.0
Harpaz,60.0
Harpaz,0.0
Niko,0.0
Niko,0.0
Harpaz,0.0
Harpaz,0.0
Niko,0.0
Harpaz,0.0
Harpaz,0.0
Niko,60.0
Harpaz,0.0
Niko,0.0
Harpaz,0.0
Harpaz,0.0
Niko,0.0
Niko,0.0
Niko,0.0
Harpaz,0.0
Harpaz,0.0
Niko,0.0
Niko,0.0
Harpaz,0.0
Harpaz,60.0
Harpaz,0.0
Niko,0.0
Harpaz,0.0
Harpaz,0.0
Niko,0.0
Niko,0.0
Niko,0.0
Niko,0.0
Niko,0.0
Niko,0.0
Niko,0.0
Harpaz,60.0
Harpaz,0.0
Harpaz,0.0
Niko,0.0
Niko,60.0
Harpaz,0.0
Harpaz,0.0
Harpaz,0.0
Harpaz,0.0
Niko,0.0
Harpaz,60.0
Harpaz,0.0
Harpaz,0.0
Niko,0.0
Niko,0.0
Niko,60.0
Harpaz,0.0
Harpaz,0.0
Harpaz,0.0
Harpaz,0.0
Harpaz,60.0
Niko,0.0
Niko,0.0
Harpaz,0.0
Harpaz,0.0
Harpaz,0.0
Niko,60.0
Niko,0.0
Niko,0.0
Harpaz,0.0
Harpaz,60.0
Harpaz,0.0
Harpaz,0.0
Niko,0.0
Niko,0.0
Harpaz,60.0
Harpaz,0.0
Niko,0.0
Harpaz,0.0
Harpaz,0.0
Harpaz,0.0
Harpaz,60.0
Harpaz,0.0
Niko,0.0
Niko,0.0
Harpaz,0.0
Harpaz,0.0
Harpaz,0.0
Harpaz,0.0
Harpaz,0.0
Harpaz,0.0
Harpaz,0.0
Harpaz,60.0
Harpaz,0.0
Harpaz,0.0
Harpaz,0.0
Harpaz,0.0
Niko,0.0
Harpaz,0.0
Niko,1920.0
Harpaz,0.0
Harpaz,60.0
Niko,0.0
Harpaz,60.0
Niko,77940.0
Harpaz,240.0
Harpaz,0.0
Harpaz,0.0
Harpaz,0.0
Harpaz,180.0
Niko,0.0
Niko,0.0
Harpaz,0.0
Niko,120.0
Harpaz,0.0
Harpaz,0.0
Harpaz,0.0
Harpaz,60.0
Niko,0.0
Niko,0.0
Harpaz,0.0
Harpaz,0.0
Niko,60.0
Niko,0.0
Harpaz,0.0
Niko,0.0
Harpaz,60.0
Harpaz,0.0
Niko,0.0
Niko,0.0
Niko,0.0
Harpaz,60.0
Harpaz,0.0
Harpaz,0.0
Harpaz,0.0
Niko,0.0
Harpaz,0.0
Harpaz,0.0
Harpaz,60.0
Harpaz,0.0
Niko,0.0
Niko,0.0
Harpaz,0.0
Harpaz,60.0
Niko,0.0
Harpaz,0.0
Niko,0.0
Harpaz,0.0
Niko,0.0
Niko,0.0
Harpaz,0.0
Harpaz,0.0
Niko,0.0
Harpaz,60.0
Harpaz,0.0
Harpaz,0.0
Niko,0.0
Harpaz,0.0
Niko,0.0
Harpaz,0.0
Harpaz,0.0
Harpaz,60.0
Harpaz,0.0
Harpaz,0.0
Harpaz,0.0
Niko,0.0
Harpaz,0.0
Niko,60.0
Niko,300.0
Niko,0.0
Harpaz,0.0
Niko,60.0
Harpaz,300.0
Harpaz,0.0
Harpaz,0.0
Niko,60.0
Niko,0.0
Harpaz,0.0
Harpaz,0.0
Harpaz,0.0
Niko,60.0
Niko,0.0
Harpaz,60.0
Harpaz,0.0
Niko,0.0
Harpaz,60.0
Niko,0.0
Niko,0.0
Niko,0.0
Niko,0.0
Harpaz,60.0
Harpaz,0.0
Niko,0.0
Harpaz,60.0
Harpaz,0.0
Harpaz,0.0
Niko,0.0
Niko,0.0
Harpaz,60.0
Harpaz,60.0
Harpaz,3300.0
Harpaz,0.0
Niko,240.0
Niko,0.0
Harpaz,660.0
Niko,60.0
Niko,0.0
Harpaz,0.0
Harpaz,60.0
Harpaz,0.0
Harpaz,120.0
Harpaz,0.0
Harpaz,0.0
Harpaz,0.0
Niko,0.0
Niko,0.0
Niko,0.0
Niko,0.0
Niko,0.0
Harpaz,60.0
Niko,0.0
Harpaz,0.0
Niko,0.0
Niko,60.0
Harpaz,0.0
Harpaz,0.0
Niko,60.0
Niko,0.0
Niko,0.0
Harpaz,60.0
Niko,0.0
Harpaz,0.0
Harpaz,0.0
Niko,0.0
Niko,0.0
Harpaz,60.0
Niko,0.0
Niko,0.0
Harpaz,4680.0
Harpaz,0.0
Niko,60.0
Niko,0.0
Niko,0.0
Harpaz,0.0
Niko,60.0
Harpaz,60.0
Niko,0.0
Harpaz,420.0
Niko,60.0
Harpaz,57600.0
Harpaz,0.0
Harpaz,60.0
Niko,240.0
Niko,0.0
Harpaz,0.0
Harpaz,60.0
Niko,17760.0
Harpaz,60.0
Harpaz,0.0
Harpaz,0.0
Harpaz,120.0
Niko,60.0
Harpaz,0.0
Niko,240.0
Niko,60.0
Niko,0.0
Harpaz,480.0
Harpaz,60.0
Harpaz,0.0
Niko,960.0
Harpaz,0.0
Harpaz,0.0
Harpaz,60.0
Niko,0.0
Niko,0.0
Niko,60.0
Niko,0.0
Harpaz,0.0
Niko,0.0
Niko,0.0
Harpaz,60.0
Harpaz,0.0
Harpaz,0.0
Niko,180.0
Niko,0.0
Niko,3540.0
Niko,0.0
Harpaz,120.0
Harpaz,0.0
Niko,0.0
Niko,60.0
Niko,0.0
Harpaz,60.0
Harpaz,0.0
Harpaz,0.0
Harpaz,60.0
Niko,60.0
Harpaz,0.0
Niko,60.0
Niko,0.0
Niko,0.0
Harpaz,60.0
Harpaz,0.0
Harpaz,0.0
Niko,60.0
Niko,0.0
Niko,60.0
Harpaz,0.0
Niko,0.0
Harpaz,0.0
Niko,60.0
Niko,0.0
Harpaz,0.0
Niko,0.0
Niko,60.0
Harpaz,0.0
Harpaz,0.0
Harpaz,0.0
Niko,60.0
Niko,0.0
Harpaz,60.0
Harpaz,0.0
Harpaz,0.0
Harpaz,0.0
Niko,60.0
Niko,0.0
Niko,0.0
Harpaz,0.0
Harpaz,60.0
Harpaz,0.0
Niko,60.0
Niko,0.0
Harpaz,60.0
Niko,120.0
Niko,60.0
Harpaz,120.0
Harpaz,0.0
Niko,180.0
Harpaz,60.0
Niko,300.0
Harpaz,60.0
Harpaz,0.0
Harpaz,0.0
Niko,60.0
Harpaz,0.0
Niko,0.0
Niko,0.0
Niko,0.0
Harpaz,0.0
Harpaz,0.0
Niko,60.0
Harpaz,0.0
Harpaz,60.0
Niko,60.0
Harpaz,60.0
Harpaz,0.0
Harpaz,0.0
Niko,120.0
Niko,0.0
Niko,0.0
Harpaz,60.0
Harpaz,0.0
Harpaz,0.0
Harpaz,0.0
Harpaz,0.0
Niko,60.0
Niko,0.0
Harpaz,0.0
Niko,0.0
Harpaz,60.0
Harpaz,0.0
Harpaz,0.0
Harpaz,60.0
Niko,60.0
Harpaz,60.0
Harpaz,60.0
Niko,60.0
Niko,0.0
Niko,0.0
Harpaz,0.0
Niko,120.0
Harpaz,60.0
Harpaz,0.0
Harpaz,0.0
Niko,60.0
Harpaz,60.0
Harpaz,60.0
Harpaz,0.0
Niko,60.0
Harpaz,0.0
Harpaz,0.0
Harpaz,0.0
Harpaz,0.0
Harpaz,0.0
Harpaz,0.0
Harpaz,0.0
Harpaz,0.0
Niko,180.0
Harpaz,0.0
Niko,120.0
Harpaz,9060.0
Niko,3600.0
Niko,0.0
Harpaz,420.0
Harpaz,0.0
Harpaz,0.0
Harpaz,0.0
Harpaz,0.0
Niko,36660.0
Niko,0.0
Harpaz,420.0
Harpaz,0.0
Niko,0.0
Niko,0.0
Harpaz,720.0
Harpaz,60.0
Harpaz,0.0
Niko,2760.0
Harpaz,600.0
Harpaz,0.0
Niko,0.0
Niko,0.0
Niko,60.0
Harpaz,0.0
Niko,0.0
Harpaz,0.0
Niko,0.0
Harpaz,0.0
Niko,0.0
Harpaz,60.0
Niko,0.0
Niko,0.0
Harpaz,0.0
Niko,0.0
Niko,60.0
Harpaz,0.0
Niko,0.0
Niko,0.0
Niko,0.0
Harpaz,0.0
Niko,0.0
Harpaz,60.0
Harpaz,0.0
Niko,0.0
Harpaz,0.0
Niko,0.0
Harpaz,0.0
Harpaz,0.0
Harpaz,0.0
Harpaz,60.0
Harpaz,0.0
Niko,0.0
Niko,0.0
Niko,0.0
Harpaz,60.0
Niko,0.0
Niko,0.0
Niko,0.0
Niko,60.0
Harpaz,0.0
Harpaz,0.0
Niko,60.0
Harpaz,0.0
Niko,60.0
Niko,0.0
Niko,0.0
Harpaz,60.0
Niko,0.0
Niko,0.0
Niko,0.0
Niko,0.0
Harpaz,0.0
Niko,0.0
Harpaz,60.0
Niko,0.0
Niko,0.0
Harpaz,0.0
Harpaz,0.0
Harpaz,60.0
Harpaz,120.0
Niko,0.0
Niko,0.0
Niko,0.0
Harpaz,0.0
Niko,60.0
Harpaz,0.0
Niko,0.0
Harpaz,60.0
Harpaz,0.0
Harpaz,0.0
Harpaz,0.0
Niko,60.0
Harpaz,60.0
Harpaz,0.0
Harpaz,60.0
Niko,60.0
Harpaz,0.0
Harpaz,0.0
Harpaz,0.0
Niko,60.0
Harpaz,0.0
Harpaz,0.0
Harpaz,0.0
Harpaz,0.0
Harpaz,0.0
Niko,60.0
Harpaz,0.0
Harpaz,0.0
Harpaz,0.0
Harpaz,0.0
Harpaz,0.0
Niko,0.0
Harpaz,0.0
Niko,60.0
Niko,0.0
Harpaz,0.0
Harpaz,0.0
Harpaz,0.0
Harpaz,0.0
Niko,0.0
Niko,60.0
Niko,0.0
Harpaz,0.0
Harpaz,0.0
Niko,0.0
Harpaz,0.0
Harpaz,0.0
Harpaz,60.0
Harpaz,0.0
Harpaz,0.0
Harpaz,0.0
Harpaz,0.0
Harpaz,60.0
Harpaz,0.0
Niko,60.0
Niko,0.0
Niko,0.0
Harpaz,60.0
Harpaz,0.0
Harpaz,0.0
Harpaz,0.0
Harpaz,0.0
Niko,300.0
Harpaz,120.0
Harpaz,0.0
Harpaz,0.0
Niko,0.0
Niko,0.0
Harpaz,60.0
Harpaz,0.0
Niko,120.0
Harpaz,0.0
Harpaz,0.0
Niko,60.0
Niko,0.0
Harpaz,0.0
Niko,0.0
Niko,60.0
Harpaz,0.0
Niko,0.0
Harpaz,0.0
Niko,0.0
Niko,0.0
Harpaz,60.0
Harpaz,0.0
Harpaz,0.0
Harpaz,0.0
Harpaz,0.0
Harpaz,0.0
Harpaz,0.0
Harpaz,180.0
Niko,1140.0
Niko,0.0
Niko,0.0
Harpaz,60.0
Harpaz,0.0
Harpaz,0.0
Harpaz,0.0
Harpaz,60.0
Niko,60.0
Harpaz,60.0
Harpaz,0.0
Harpaz,0.0
Harpaz,60.0
Harpaz,0.0
Niko,60.0
Harpaz,0.0
Harpaz,480.0
Harpaz,16140.0
Niko,0.0
Harpaz,266040.0
Harpaz,0.0
Niko,0.0
Niko,60.0
Niko,0.0
Harpaz,82980.0
Harpaz,0.0
Harpaz,0.0
Harpaz,60.0
Harpaz,0.0
Harpaz,0.0
Harpaz,0.0
Harpaz,0.0
Harpaz,0.0
Harpaz,0.0
Harpaz,0.0
Harpaz,60.0
Niko,0.0
Harpaz,0.0
Niko,60.0
Harpaz,0.0
Niko,0.0
Harpaz,0.0
Harpaz,0.0
Niko,60.0
Harpaz,0.0
Niko,60.0
Niko,0.0
Niko,0.0
Harpaz,0.0
Niko,60.0
Harpaz,0.0
Harpaz,0.0
Niko,60.0
Niko,0.0
Harpaz,0.0
Harpaz,0.0
Harpaz,0.0
Niko,60.0
Niko,1380.0
Harpaz,0.0
Harpaz,60.0
Harpaz,0.0
Harpaz,0.0
Niko,60.0
Niko,0.0
Niko,0.0
Harpaz,0.0
Harpaz,60.0
Niko,0.0
Harpaz,0.0
Niko,60.0
Harpaz,60.0
Harpaz,0.0
Niko,300.0
Niko,0.0
Harpaz,180.0
Harpaz,0.0
Niko,0.0
Niko,0.0
Niko,60.0
Harpaz,0.0
Harpaz,0.0
Niko,76860.0
Harpaz,0.0
Niko,900.0
Niko,0.0
Niko,4020.0
Niko,0.0
Niko,60.0
Harpaz,0.0
Harpaz,0.0
Niko,0.0
Niko,0.0
Harpaz,0.0
Harpaz,11880.0
Harpaz,0.0
Niko,2040.0
Harpaz,315540.0
Niko,5520.0
Harpaz,7920.0
Harpaz,0.0
Niko,60.0
Harpaz,0.0
Harpaz,0.0
Harpaz,0.0
Niko,60.0
Niko,0.0
Harpaz,120.0
Harpaz,4080.0
Niko,15780.0
Niko,0.0
Niko,0.0
Harpaz,0.0
Niko,0.0
Harpaz,0.0
Harpaz,60.0
Niko,0.0
Niko,0.0
Harpaz,0.0
Niko,0.0
Niko,0.0
Harpaz,0.0
Harpaz,0.0
Harpaz,60.0
Niko,0.0
Harpaz,0.0
Niko,0.0
Harpaz,60.0
Niko,0.0
Niko,0.0
Niko,0.0
Harpaz,0.0
Niko,0.0
Niko,0.0
Niko,0.0
Harpaz,0.0
Harpaz,0.0
Harpaz,60.0
Harpaz,0.0
Harpaz,0.0
Niko,0.0
Harpaz,0.0
Harpaz,7680.0
Niko,22080.0
Niko,0.0
Harpaz,780.0
Harpaz,0.0
Niko,60.0
Harpaz,0.0
Harpaz,0.0
Niko,0.0
Harpaz,0.0
Harpaz,0.0
Harpaz,60.0
Niko,0.0
Harpaz,0.0
Niko,0.0
Niko,0.0
Harpaz,60.0
Harpaz,0.0
Niko,130200.0
Niko,0.0
Harpaz,0.0
Harpaz,0.0
Harpaz,0.0
Harpaz,60.0
Niko,0.0
Harpaz,0.0
Niko,0.0
Harpaz,0.0
Harpaz,0.0
Harpaz,0.0
Niko,0.0
Niko,0.0
Harpaz,0.0
Niko,60.0
Niko,0.0
Harpaz,0.0
Harpaz,0.0
Harpaz,0.0
Harpaz,0.0
Harpaz,0.0
Harpaz,0.0
Niko,0.0
Harpaz,0.0
Harpaz,0.0
Harpaz,60.0
Harpaz,0.0
Harpaz,0.0
Harpaz,0.0
Niko,180.0
Harpaz,120.0
Niko,0.0
Niko,0.0
Harpaz,60.0
Harpaz,0.0
Harpaz,0.0
Harpaz,0.0
Harpaz,0.0
Harpaz,0.0
Harpaz,60.0
Harpaz,0.0
Niko,0.0
Harpaz,72300.0
Harpaz,0.0
Niko,2940.0
Niko,0.0
Harpaz,480.0
Harpaz,13500.0
Harpaz,0.0
Harpaz,0.0
Niko,60.0
Harpaz,60.0
Harpaz,60.0
Niko,180.0
Niko,0.0
Niko,0.0
Harpaz,0.0
Harpaz,0.0
Niko,480.0
Niko,0.0
Harpaz,180.0
Harpaz,60.0
Harpaz,0.0
Niko,0.0
Harpaz,0.0
Harpaz,0.0
Harpaz,0.0
Harpaz,0.0
Harpaz,60.0
Harpaz,0.0
Harpaz,0.0
Niko,0.0
Niko,0.0
Niko,0.0
Harpaz,0.0
Harpaz,0.0
Niko,60.0
Harpaz,15000.0
Harpaz,0.0
Harpaz,0.0
Niko,23820.0
Niko,0.0
Niko,0.0
Harpaz,6360.0
Niko,900.0
Harpaz,300.0
Niko,180.0
Niko,0.0
Niko,0.0
Harpaz,660.0
Harpaz,60.0
Niko,0.0
Niko,0.0
Niko,60.0
Harpaz,0.0
Harpaz,0.0
Niko,0.0
Niko,60.0
Niko,0.0
Niko,0.0
Harpaz,60.0
Niko,240.0
Niko,0.0
Niko,0.0
Niko,0.0
Harpaz,60.0
Niko,21480.0
Harpaz,120.0
Harpaz,600.0
Niko,1380.0
Harpaz,840.0
Harpaz,0.0
Harpaz,60.0
Harpaz,0.0
Niko,1260.0
Harpaz,540.0
Niko,360.0
Niko,0.0
Harpaz,120.0
Harpaz,300.0
Niko,120.0
Niko,60.0
Niko,0.0
Niko,0.0
Niko,0.0
Harpaz,0.0
Niko,60.0
Niko,0.0
Harpaz,0.0
Niko,0.0
Niko,0.0
Harpaz,0.0
Niko,60.0
Harpaz,0.0
Niko,0.0
Harpaz,0.0
Harpaz,0.0
Niko,5400.0
Niko,0.0
Niko,0.0
Harpaz,120.0
Harpaz,0.0
Niko,0.0
Harpaz,0.0
Harpaz,60.0
Harpaz,0.0
Niko,240.0
Niko,0.0
Niko,0.0
Niko,60.0
Harpaz,0.0
Harpaz,0.0
Harpaz,0.0
Niko,840.0
Harpaz,540.0
Niko,60.0
Niko,0.0
Harpaz,0.0
Harpaz,0.0
Niko,0.0
Harpaz,60.0
Niko,0.0
Niko,0.0
Harpaz,0.0
Harpaz,0.0
Niko,0.0
Niko,0.0
Harpaz,60.0
Niko,0.0
Harpaz,300.0
Harpaz,0.0
Harpaz,60.0
Harpaz,0.0
Harpaz,0.0
Harpaz,2460.0
Harpaz,60.0
Niko,300.0
Niko,0.0
Niko,0.0
Niko,60.0
Niko,0.0
Harpaz,0.0
Niko,120.0
Niko,0.0
Niko,60.0
Harpaz,60.0
Niko,60.0
Niko,0.0
Niko,0.0
Niko,0.0
Harpaz,540.0
Harpaz,0.0
Harpaz,0.0
Harpaz,0.0
Niko,120.0
Niko,60.0
Niko,0.0
Harpaz,0.0
Harpaz,60.0
Niko,0.0
Niko,0.0
Harpaz,0.0
Harpaz,0.0
Harpaz,0.0
Harpaz,0.0
Niko,0.0
Harpaz,0.0
Harpaz,60.0
Niko,60.0
Niko,0.0
Niko,0.0
Harpaz,60.0
Harpaz,1740.0
Harpaz,0.0
Harpaz,0.0
Harpaz,0.0
Niko,0.0
Niko,0.0
Harpaz,60.0
Harpaz,0.0
Niko,60.0
Harpaz,60.0
Niko,2460.0
Niko,0.0
Harpaz,0.0
Niko,360.0
Niko,0.0
Niko,0.0
Harpaz,0.0
Harpaz,0.0
Niko,60.0
Niko,0.0
Niko,60.0
Niko,0.0
Harpaz,120.0
Harpaz,0.0
Niko,0.0
Harpaz,0.0
Niko,60.0
Harpaz,0.0
Harpaz,0.0
Niko,0.0
Harpaz,0.0
Harpaz,0.0
Harpaz,0.0
Niko,180.0
Harpaz,60.0
Harpaz,0.0
Niko,0.0
Niko,0.0
Niko,0.0
Harpaz,60.0
Harpaz,0.0
Niko,0.0
Harpaz,60.0
Harpaz,0.0
Niko,0.0
Harpaz,840.0
Harpaz,0.0
Harpaz,60.0
Niko,60.0
Niko,0.0
Harpaz,0.0
Niko,0.0
Niko,0.0
Harpaz,60.0
Niko,0.0
Niko,0.0
Harpaz,0.0
Harpaz,0.0
Niko,60.0
Niko,0.0
Harpaz,0.0
Harpaz,0.0
Niko,0.0
Harpaz,0.0
Harpaz,60.0
Niko,0.0
Niko,0.0
Niko,0.0
Harpaz,0.0
Harpaz,60.0
Harpaz,0.0
Niko,0.0
Harpaz,0.0
Harpaz,0.0
Niko,0.0
Harpaz,0.0
Harpaz,0.0
Harpaz,0.0
Niko,180.0
Niko,0.0
Niko,0.0
Harpaz,60.0
Harpaz,0.0
Harpaz,0.0
Niko,360.0
Niko,0.0
Harpaz,0.0
Harpaz,0.0
Niko,360.0
Harpaz,0.0
Harpaz,60.0
Harpaz,0.0
Niko,0.0
Niko,0.0
Harpaz,60.0
Niko,0.0
Harpaz,1260.0
Harpaz,0.0
Harpaz,0.0
Harpaz,0.0
Harpaz,0.0
Niko,27240.0
Harpaz,8160.0
Niko,60.0
Harpaz,0.0
Harpaz,7320.0
Harpaz,60.0
Niko,0.0
Niko,0.0
Niko,0.0
Harpaz,0.0
Harpaz,0.0
Harpaz,9600.0
Harpaz,0.0
Niko,300.0
Niko,0.0
Niko,60.0
Niko,0.0
Harpaz,60.0
Harpaz,240.0
Niko,0.0
Harpaz,59460.0
Niko,1560.0
Niko,0.0
Harpaz,0.0
Harpaz,0.0
Niko,60.0
Harpaz,0.0
Niko,0.0
Niko,1200.0
Harpaz,60.0
Harpaz,0.0
Harpaz,60.0
Niko,0.0
Niko,0.0
Harpaz,0.0
Harpaz,0.0
Harpaz,0.0
Harpaz,60.0
Niko,0.0
Niko,0.0
Niko,0.0
Harpaz,480.0
Niko,600.0
Harpaz,420.0
Niko,540.0
Niko,0.0
Niko,0.0
Harpaz,0.0
Harpaz,0.0
Niko,240.0
Harpaz,0.0
Harpaz,0.0
Harpaz,0.0
Niko,60.0
Niko,25200.0
Niko,60.0
Harpaz,0.0
Niko,0.0
Harpaz,0.0
Harpaz,0.0
Niko,0.0
Niko,60.0
Harpaz,0.0
Niko,0.0
Harpaz,0.0
Niko,0.0
Niko,180.0
Harpaz,60.0
Harpaz,0.0
Harpaz,120.0
Niko,120.0
Harpaz,0.0
Harpaz,0.0
Harpaz,0.0
Harpaz,0.0
Niko,0.0
Harpaz,60.0
Niko,0.0
Niko,0.0
Harpaz,0.0
Niko,0.0
Niko,0.0
Niko,0.0
Harpaz,0.0
Harpaz,0.0
Niko,0.0
Niko,0.0
Harpaz,60.0
Niko,0.0
Niko,0.0
Niko,0.0
Harpaz,120.0
Niko,0.0
Harpaz,2340.0
Niko,0.0
Niko,0.0
Harpaz,0.0
Niko,0.0
Harpaz,0.0
Harpaz,0.0
Niko,0.0
Niko,60.0
Harpaz,180.0
Harpaz,0.0
Niko,660.0
Niko,0.0
Niko,0.0
Niko,60.0
Harpaz,0.0
Niko,60.0
Harpaz,0.0
Harpaz,0.0
Niko,0.0
Niko,0.0
Niko,0.0
Niko,0.0
Harpaz,0.0
Harpaz,0.0
Harpaz,0.0
Niko,60.0
Harpaz,0.0
Niko,60.0
Niko,0.0
Niko,0.0
Niko,0.0
Harpaz,60.0
Harpaz,0.0
Niko,120.0
Niko,0.0
Harpaz,0.0
Harpaz,0.0
Harpaz,0.0
Harpaz,60.0
Niko,0.0
Harpaz,0.0
Harpaz,0.0
Niko,0.0
Harpaz,0.0
Harpaz,0.0
Harpaz,420.0
Harpaz,0.0
Harpaz,0.0
Harpaz,0.0
Niko,180.0
Niko,0.0
Niko,0.0
Harpaz,60.0
Harpaz,0.0
Niko,0.0
Niko,0.0
Harpaz,0.0
Harpaz,0.0
Harpaz,0.0
Harpaz,0.0
Niko,0.0
Harpaz,0.0
Harpaz,0.0
Harpaz,60.0
Harpaz,0.0
Harpaz,0.0
Niko,0.0
Niko,0.0
Harpaz,0.0
Niko,0.0
Harpaz,0.0
Niko,0.0
Harpaz,0.0
Niko,0.0
Harpaz,0.0
Niko,60.0
Harpaz,0.0
Harpaz,0.0
Niko,0.0
Niko,60.0
Niko,0.0
Niko,0.0
Harpaz,0.0
Harpaz,0.0
Harpaz,0.0
Niko,0.0
Niko,0.0
Niko,60.0
Harpaz,0.0
Niko,0.0
Harpaz,0.0
Niko,0.0
Niko,0.0
Niko,0.0
Harpaz,0.0
Harpaz,0.0
Harpaz,0.0
Niko,60.0
Harpaz,0.0
Niko,0.0
Niko,0.0
Harpaz,0.0
Harpaz,0.0
Harpaz,240.0
Niko,60.0
Niko,0.0
Niko,0.0
Harpaz,0.0
Harpaz,0.0
Harpaz,0.0
Harpaz,0.0
Niko,0.0
Harpaz,0.0
Niko,0.0
Harpaz,0.0
Harpaz,60.0
Niko,0.0
Harpaz,0.0
Harpaz,0.0
Harpaz,0.0
Harpaz,0.0
Harpaz,0.0
Niko,0.0
Harpaz,0.0
Harpaz,60.0
Harpaz,0.0
Niko,0.0
Niko,0.0
Harpaz,0.0
Harpaz,0.0
Harpaz,0.0
Niko,60.0
Harpaz,0.0
Niko,0.0
Harpaz,0.0
Harpaz,60.0
Harpaz,0.0
Harpaz,0.0
Harpaz,0.0
Harpaz,0.0
Harpaz,120.0
Harpaz,0.0
Niko,60.0
Harpaz,0.0
Harpaz,0.0
Harpaz,60.0
Harpaz,120.0
Niko,0.0
Harpaz,0.0
Niko,0.0
Niko,0.0
Harpaz,0.0
Harpaz,0.0
Niko,0.0
Niko,0.0
Harpaz,60.0
Niko,0.0
Harpaz,0.0
Harpaz,0.0
Niko,60.0
Niko,0.0
Harpaz,0.0
Harpaz,0.0
Niko,0.0
Niko,60.0
Harpaz,0.0
Harpaz,0.0
Niko,0.0
Niko,0.0
Niko,0.0
Niko,0.0
Niko,60.0
Harpaz,0.0
Harpaz,0.0
Niko,0.0
Niko,0.0
Niko,0.0
Niko,0.0
Harpaz,0.0
Harpaz,0.0
Harpaz,0.0
Niko,0.0
Harpaz,60.0
Niko,0.0
Harpaz,0.0
Niko,0.0
Harpaz,0.0
Harpaz,0.0
Harpaz,0.0
Niko,60.0
Niko,0.0
Niko,0.0
Niko,59640.0
Niko,0.0
Harpaz,0.0
Harpaz,0.0
Niko,0.0
Niko,0.0
Harpaz,60.0
Niko,0.0
Harpaz,0.0
Harpaz,2100.0
Niko,300.0
Harpaz,0.0
Niko,420.0
Harpaz,0.0
Niko,60.0
Harpaz,0.0
Harpaz,60.0
Harpaz,0.0
Niko,120.0
Harpaz,1080.0
Harpaz,0.0
Niko,0.0
Niko,60.0
Harpaz,60.0
Harpaz,0.0
Harpaz,60.0
Niko,0.0
Harpaz,0.0
Harpaz,0.0
Harpaz,0.0
Niko,0.0
Niko,0.0
Harpaz,0.0
Niko,0.0
Harpaz,60.0
Harpaz,0.0
Harpaz,0.0
Niko,0.0
Niko,0.0
Niko,0.0
Harpaz,0.0
Harpaz,0.0
Niko,60.0
Harpaz,0.0
Harpaz,0.0
Harpaz,0.0
Harpaz,0.0
Niko,0.0
Harpaz,60.0
Niko,0.0
Niko,0.0
Harpaz,0.0
Harpaz,0.0
Harpaz,0.0
Niko,0.0
Niko,0.0
Harpaz,0.0
Harpaz,60.0
Niko,0.0
Harpaz,0.0
Niko,0.0
Harpaz,0.0
Harpaz,0.0
Niko,0.0
Niko,0.0
Harpaz,0.0
Harpaz,0.0
Niko,60.0
Harpaz,0.0
Niko,0.0
Harpaz,0.0
Harpaz,0.0
Harpaz,0.0
Niko,0.0
Niko,0.0
Harpaz,0.0
Harpaz,360.0
Harpaz,60.0
Harpaz,0.0
Niko,0.0
Harpaz,0.0
Harpaz,0.0
Harpaz,0.0
Niko,0.0
Harpaz,0.0
Harpaz,0.0
Niko,60.0
Harpaz,0.0
Harpaz,0.0
Harpaz,0.0
Niko,0.0
Harpaz,0.0
Harpaz,0.0
Harpaz,1800.0
Niko,600.0
Niko,0.0
Harpaz,60.0
Harpaz,0.0
Harpaz,3960.0
Harpaz,0.0
Niko,0.0
Harpaz,0.0
Niko,0.0
Harpaz,0.0
Harpaz,0.0
Harpaz,0.0
Harpaz,0.0
Niko,0.0
Harpaz,60.0
Harpaz,0.0
Niko,0.0
Harpaz,0.0
Harpaz,0.0
Harpaz,0.0
Harpaz,0.0
Harpaz,0.0
Niko,60.0
Niko,0.0
Harpaz,720.0
Niko,0.0
Harpaz,60.0
Harpaz,0.0
Niko,0.0
Harpaz,0.0
Niko,0.0
Harpaz,60.0
Harpaz,0.0
Niko,0.0
Niko,0.0
Niko,60.0
Harpaz,0.0
Harpaz,0.0
Harpaz,0.0
Harpaz,0.0
Niko,60.0
Niko,0.0
Harpaz,8280.0
Niko,180.0
Harpaz,540.0
Niko,360.0
Harpaz,0.0
Harpaz,0.0
Harpaz,55920.0
Niko,0.0
Niko,60.0
Niko,0.0
Harpaz,0.0
Harpaz,0.0
Harpaz,0.0
Niko,60.0
Niko,0.0
Harpaz,0.0
Niko,0.0
Niko,0.0
Harpaz,0.0
Niko,0.0
Harpaz,60.0
Niko,60.0
Niko,0.0
Harpaz,0.0
Niko,0.0
Harpaz,0.0
Niko,0.0
Harpaz,60.0
Niko,0.0
Harpaz,60.0
Niko,0.0
Harpaz,240.0
Harpaz,45960.0
Harpaz,0.0
Niko,1440.0
Harpaz,240.0
Niko,660.0
Harpaz,60.0
Niko,0.0
Harpaz,0.0
Niko,60.0
Niko,0.0
Harpaz,0.0
Niko,60.0
Niko,0.0
Niko,0.0
Harpaz,0.0
Harpaz,0.0
Harpaz,0.0
Harpaz,0.0
Niko,60.0
Niko,0.0
Niko,0.0
Harpaz,0.0
Harpaz,60.0
Niko,0.0
Niko,0.0
Niko,0.0
Harpaz,6540.0
Harpaz,0.0
Harpaz,60.0
Harpaz,0.0
Harpaz,0.0
Niko,27540.0
Harpaz,32220.0
Niko,420.0
Harpaz,16980.0
Harpaz,0.0
Niko,1080.0
Niko,0.0
Harpaz,1560.0
Niko,0.0
Harpaz,0.0
Niko,0.0
Niko,0.0
Harpaz,60.0
Harpaz,0.0
Niko,0.0
Niko,0.0
Harpaz,0.0
Harpaz,0.0
Niko,249120.0
Niko,0.0
Harpaz,60.0
Niko,0.0
Niko,60.0
Harpaz,0.0
Niko,0.0
Niko,0.0
Niko,0.0
Niko,0.0
Harpaz,0.0
Harpaz,0.0
Harpaz,0.0
Harpaz,0.0
Niko,0.0
Harpaz,0.0
Niko,0.0
Niko,60.0
Harpaz,0.0
Harpaz,0.0
Harpaz,0.0
Niko,0.0
Harpaz,0.0
Niko,0.0
Niko,0.0
Harpaz,60.0
Niko,60.0
Harpaz,0.0
Harpaz,0.0
Harpaz,0.0
Harpaz,0.0
Harpaz,0.0
Niko,0.0
Niko,60.0
Harpaz,0.0
Harpaz,0.0
Niko,0.0
Harpaz,0.0
Niko,0.0
Harpaz,0.0
Niko,0.0
Niko,60.0
Harpaz,0.0
Harpaz,0.0
Niko,0.0
Harpaz,0.0
Harpaz,60.0
Niko,0.0
Niko,0.0
Harpaz,0.0
Niko,60.0
Niko,0.0
Niko,0.0
Niko,0.0
Niko,0.0
Niko,60.0
Harpaz,0.0
Niko,0.0
Niko,0.0
Harpaz,0.0
Harpaz,0.0
Harpaz,0.0
Niko,60.0
Niko,0.0
Niko,0.0
Harpaz,0.0
Niko,0.0
Harpaz,0.0
Niko,60.0
Niko,0.0
Niko,0.0
Harpaz,60.0
Harpaz,0.0
Niko,0.0
Niko,60.0
Niko,0.0
Harpaz,840.0
Harpaz,0.0
Harpaz,60.0
Harpaz,0.0
Niko,60.0
Harpaz,0.0
Harpaz,60.0
Niko,240.0
Harpaz,300.0
Harpaz,265860.0
Harpaz,0.0
Harpaz,0.0
Niko,240.0
Niko,0.0
Harpaz,0.0
Harpaz,60.0
Harpaz,0.0
Niko,0.0
Harpaz,0.0
Niko,0.0
Niko,60.0
Niko,0.0
Harpaz,0.0
Harpaz,0.0
Niko,0.0
Harpaz,60.0
Harpaz,0.0
Niko,60.0
Niko,0.0
Niko,0.0
Harpaz,0.0
Niko,0.0
Niko,0.0
Niko,60.0
Niko,0.0
Harpaz,0.0
Niko,0.0
Niko,60.0
Niko,0.0
Harpaz,0.0
Harpaz,0.0
Harpaz,0.0
Niko,0.0
Harpaz,60.0
Niko,0.0
Niko,0.0
Harpaz,0.0
Niko,0.0
Harpaz,0.0
Harpaz,0.0
Harpaz,60.0
Niko,0.0
Harpaz,0.0
Niko,0.0
Harpaz,0.0
Niko,0.0
Harpaz,0.0
Niko,0.0
Niko,0.0
Niko,0.0
Harpaz,0.0
Harpaz,60.0
Niko,0.0
Niko,0.0
Harpaz,0.0
Niko,0.0
Harpaz,0.0
Harpaz,0.0
Harpaz,0.0
Niko,60.0
Harpaz,0.0
Niko,60.0
Niko,0.0
Harpaz,0.0
Harpaz,60.0
Harpaz,0.0
Niko,0.0
Harpaz,0.0
Niko,0.0
Niko,0.0
Harpaz,0.0
Harpaz,0.0
Harpaz,0.0
Niko,60.0
Harpaz,0.0
Harpaz,0.0
Harpaz,0.0
Harpaz,0.0
Niko,0.0
Harpaz,0.0
Harpaz,0.0
Niko,0.0
Harpaz,0.0
Harpaz,60.0
Niko,60.0
Niko,0.0
Harpaz,0.0
Harpaz,0.0
Harpaz,0.0
Harpaz,0.0
Harpaz,60.0
Harpaz,0.0
Niko,0.0
Harpaz,0.0
Harpaz,0.0
Harpaz,0.0
Harpaz,0.0
Niko,0.0
Harpaz,0.0
Harpaz,0.0
Harpaz,0.0
Harpaz,60.0
Niko,0.0
Harpaz,0.0
Harpaz,0.0
Niko,0.0
Harpaz,60.0
Harpaz,0.0
Niko,0.0
Harpaz,0.0
Niko,0.0
Harpaz,0.0
Harpaz,0.0
Harpaz,60.0
Harpaz,0.0
Niko,0.0
Harpaz,0.0
Harpaz,0.0
Harpaz,0.0
Niko,60.0
Harpaz,0.0
Harpaz,0.0
Harpaz,0.0
Niko,120.0
Niko,0.0
Harpaz,0.0
Harpaz,0.0
Niko,0.0
Harpaz,0.0
Harpaz,0.0
Niko,0.0
Harpaz,60.0
Harpaz,0.0
Niko,0.0
Harpaz,0.0
Harpaz,60.0
Harpaz,0.0
Niko,60.0
Harpaz,0.0
Niko,0.0
Niko,60.0
Harpaz,0.0
Niko,0.0
Harpaz,0.0
Harpaz,0.0
Niko,60.0
Niko,0.0
Harpaz,0.0
Harpaz,0.0
Harpaz,0.0
Niko,120.0
Niko,0.0
Harpaz,0.0
Niko,0.0
Niko,0.0
Harpaz,60.0
Harpaz,0.0
Harpaz,0.0
Niko,120.0
Niko,0.0
Niko,0.0
Harpaz,0.0
Niko,0.0
Harpaz,0.0
Harpaz,0.0
Harpaz,0.0
Harpaz,0.0
Harpaz,0.0
Harpaz,0.0
Niko,0.0
Harpaz,60.0
Harpaz,0.0
Niko,0.0
Harpaz,0.0
Harpaz,0.0
Harpaz,0.0
Harpaz,0.0
Niko,0.0
Harpaz,60.0
Niko,0.0
Harpaz,0.0
Harpaz,0.0
Harpaz,0.0
Niko,0.0
Harpaz,0.0
Niko,0.0
Harpaz,60.0
Niko,0.0
Harpaz,0.0
Niko,0.0
Harpaz,0.0
Harpaz,0.0
Harpaz,0.0
Niko,60.0
Harpaz,0.0
Harpaz,60.0
Harpaz,0.0
Harpaz,0.0
Niko,300.0
Harpaz,120.0
Harpaz,0.0
Harpaz,0.0
Niko,33960.0
Harpaz,900.0
Harpaz,0.0
Niko,60.0
Niko,0.0
Niko,60.0
Harpaz,0.0
Niko,0.0
Niko,0.0
Niko,0.0
Harpaz,0.0
Niko,0.0
Harpaz,60.0
Niko,0.0
Harpaz,0.0
Niko,0.0
Harpaz,0.0
Harpaz,0.0
Niko,60.0
Harpaz,0.0
Niko,60.0
Niko,0.0
Niko,60.0
Harpaz,0.0
Niko,60.0
Niko,0.0
Harpaz,0.0
Niko,60.0
Harpaz,0.0
Niko,0.0
Niko,0.0
Harpaz,0.0
Harpaz,0.0
Harpaz,60.0
Niko,0.0
Niko,0.0
Niko,0.0
Harpaz,60.0
Niko,0.0
Harpaz,0.0
Harpaz,0.0
Niko,0.0
Harpaz,0.0
Niko,60.0
Niko,240.0
Niko,0.0
Niko,0.0
Niko,0.0
Harpaz,60.0
Harpaz,0.0
Niko,0.0
Harpaz,0.0
Harpaz,0.0
Niko,0.0
Niko,60.0
Niko,0.0
Harpaz,0.0
Harpaz,0.0
Niko,0.0
Harpaz,0.0
Harpaz,0.0
Niko,0.0
Harpaz,0.0
Harpaz,0.0
Harpaz,0.0
Harpaz,0.0
Harpaz,0.0
Niko,60.0
Harpaz,0.0
Harpaz,0.0
Harpaz,0.0
Niko,0.0
Niko,0.0
Niko,0.0
Harpaz,0.0
Harpaz,0.0
Niko,60.0
Niko,0.0
Niko,0.0
Harpaz,0.0
Niko,60.0
Harpaz,0.0
Harpaz,0.0
Niko,0.0
Harpaz,0.0
Niko,0.0
Niko,0.0
Harpaz,60.0
Harpaz,0.0
Niko,0.0
Harpaz,0.0
Niko,0.0
Niko,0.0
Niko,0.0
Niko,0.0
Niko,0.0
Harpaz,300.0
Harpaz,0.0
Niko,60.0
Harpaz,0.0
Harpaz,0.0
Harpaz,0.0
Harpaz,0.0
Niko,0.0
Niko,0.0
Harpaz,60.0
Harpaz,0.0
Niko,0.0
Harpaz,0.0
Harpaz,0.0
Harpaz,0.0
Niko,60.0
Harpaz,0.0
Harpaz,0.0
Harpaz,60.0
Niko,0.0
Harpaz,0.0
Harpaz,0.0
Niko,360.0
Niko,0.0
Harpaz,113700.0
Niko,4440.0
Harpaz,60.0
Harpaz,8880.0
Harpaz,28320.0
Niko,16800.0
Harpaz,19680.0
Harpaz,60.0
Harpaz,0.0
Niko,180.0
Niko,0.0
Harpaz,0.0
Harpaz,0.0
Harpaz,60.0
Niko,0.0
Niko,0.0
Niko,0.0
Harpaz,60.0
Harpaz,0.0
Harpaz,0.0
Niko,0.0
Harpaz,0.0
Harpaz,0.0
Harpaz,0.0
Niko,60.0
Harpaz,0.0
Harpaz,0.0
Harpaz,60.0
Harpaz,0.0
Harpaz,0.0
Niko,60.0
Niko,0.0
Niko,0.0
Harpaz,0.0
Harpaz,60.0
Niko,0.0
Harpaz,0.0
Harpaz,0.0
Niko,0.0
Niko,0.0
Harpaz,0.0
Harpaz,60.0
Niko,60.0
Harpaz,0.0
Niko,0.0
Niko,0.0
Harpaz,0.0
Harpaz,0.0
Harpaz,60.0
Niko,0.0
Niko,0.0
Niko,0.0
Harpaz,0.0
Harpaz,0.0
Harpaz,0.0
Niko,0.0
Niko,0.0
Niko,0.0
Harpaz,0.0
Harpaz,0.0
Niko,60.0
Harpaz,0.0
Niko,0.0
Harpaz,0.0
Niko,0.0
Niko,0.0
Niko,0.0
Harpaz,0.0
Harpaz,0.0
Niko,480.0
Niko,0.0
Niko,0.0
Harpaz,0.0
Harpaz,19020.0
Niko,2520.0
Harpaz,3240.0
Harpaz,0.0
Harpaz,0.0
Niko,360.0
Niko,0.0
Harpaz,0.0
Harpaz,60.0
Niko,0.0
Harpaz,5460.0
Niko,60.0
Harpaz,60.0
Niko,720.0
Harpaz,0.0
Harpaz,0.0
Niko,60.0
Niko,0.0
Harpaz,0.0
Harpaz,0.0
Harpaz,0.0
Harpaz,0.0
Harpaz,0.0
Harpaz,0.0
Niko,120.0
Harpaz,0.0
Harpaz,0.0
Harpaz,60.0
Niko,0.0
Niko,0.0
Harpaz,60.0
Harpaz,60.0
Harpaz,0.0
Niko,60.0
Harpaz,60.0
Harpaz,6600.0
Niko,1860.0
Niko,0.0
Harpaz,0.0
Harpaz,60.0
Harpaz,0.0
Harpaz,0.0
Harpaz,80880.0
Harpaz,0.0
Harpaz,0.0
Niko,25320.0
Harpaz,229380.0
Harpaz,0.0
Niko,4260.0
Niko,0.0
Niko,0.0
Harpaz,180.0
Harpaz,0.0
Niko,60.0
Niko,0.0
Harpaz,60.0
Harpaz,0.0
Niko,0.0
Harpaz,0.0
Harpaz,0.0
Harpaz,0.0
Harpaz,60.0
Niko,0.0
Niko,0.0
Harpaz,0.0
Harpaz,0.0
Niko,60.0
Niko,0.0
Harpaz,57060.0
Niko,60.0
Harpaz,60.0
Harpaz,0.0
Harpaz,115920.0
Harpaz,0.0
Harpaz,0.0
Harpaz,60.0
Niko,19800.0
Niko,0.0
Harpaz,11520.0
Harpaz,420.0
Harpaz,0.0
Harpaz,60.0
Harpaz,0.0
Harpaz,0.0
Niko,360.0
Niko,0.0
Harpaz,180.0
Harpaz,0.0
Harpaz,0.0
Niko,0.0
Harpaz,60.0
Harpaz,0.0
Harpaz,0.0
Niko,0.0
Niko,0.0
Harpaz,0.0
Niko,0.0
Niko,0.0
Niko,60.0
Niko,0.0
Harpaz,0.0
Harpaz,0.0
Harpaz,0.0
Harpaz,0.0
Niko,960.0
Harpaz,0.0
Harpaz,60.0
Harpaz,0.0
Niko,0.0
Harpaz,60.0
Harpaz,0.0
Niko,60.0
Niko,0.0
Niko,0.0
Harpaz,0.0
Harpaz,0.0
Harpaz,0.0
Niko,60.0
Niko,0.0
Niko,0.0
Harpaz,60.0
Harpaz,0.0
Harpaz,0.0
Harpaz,0.0
Niko,60.0
Niko,0.0
Niko,0.0
Harpaz,60.0
Harpaz,0.0
Harpaz,0.0
Harpaz,0.0
Harpaz,0.0
Harpaz,0.0
Harpaz,0.0
Niko,1260.0
Niko,0.0
Niko,0.0
Niko,60.0
Harpaz,0.0
Harpaz,0.0
Harpaz,0.0
Niko,0.0
Niko,0.0
Harpaz,0.0
Harpaz,0.0
Niko,0.0
Harpaz,0.0
Niko,60.0
Niko,0.0
Harpaz,0.0
Harpaz,0.0
Harpaz,60.0
Niko,0.0
Niko,0.0
Harpaz,0.0
Harpaz,0.0
Niko,0.0
Harpaz,60.0
Harpaz,0.0
Niko,60.0
Harpaz,60.0
Harpaz,0.0
Harpaz,0.0
Niko,0.0
Harpaz,0.0
Niko,300.0
Harpaz,0.0
Harpaz,60.0
Niko,0.0
Niko,0.0
Harpaz,0.0
Harpaz,0.0
Harpaz,0.0
Harpaz,60.0
Niko,0.0
Niko,60.0
Niko,0.0
Harpaz,0.0
Harpaz,0.0
Harpaz,0.0
Harpaz,0.0
Niko,0.0
Harpaz,60.0
Niko,180.0
Niko,0.0
Harpaz,0.0
Harpaz,11400.0
Niko,120.0
Harpaz,60.0
Harpaz,0.0
Niko,0.0
Niko,0.0
Harpaz,60.0
Harpaz,0.0
Niko,0.0
Harpaz,279480.0
Harpaz,0.0
Niko,960.0
Niko,0.0
Niko,0.0
Harpaz,0.0
Harpaz,180.0
Niko,780.0
Niko,0.0
Niko,0.0
Harpaz,420.0
Harpaz,0.0
Niko,60.0
Niko,0.0
Harpaz,0.0
Harpaz,0.0
Harpaz,0.0
Harpaz,0.0
Niko,60.0
Niko,0.0
Harpaz,0.0
Harpaz,0.0
Niko,240.0
Niko,0.0
Harpaz,102180.0
Niko,4260.0
Harpaz,23280.0
Harpaz,0.0
Harpaz,0.0
Harpaz,0.0
Harpaz,0.0
Niko,304800.0
Harpaz,60.0
Harpaz,0.0
Harpaz,0.0
Niko,0.0
Niko,0.0
Harpaz,0.0
Niko,0.0
Niko,0.0
Niko,0.0
Niko,0.0
Harpaz,0.0
Niko,0.0
Harpaz,0.0
Harpaz,60.0
Niko,0.0
Harpaz,0.0
Harpaz,0.0
Niko,0.0
Niko,0.0
Harpaz,0.0
Harpaz,0.0
Harpaz,0.0
Niko,0.0
Niko,0.0
Niko,0.0
Harpaz,0.0
Harpaz,60.0
Niko,0.0
Harpaz,180.0
Harpaz,0.0
Niko,0.0
Niko,60.0
Harpaz,0.0
Niko,180.0
Harpaz,420.0
Niko,180.0
Niko,0.0
Niko,0.0
Niko,5760.0
Harpaz,0.0
Harpaz,0.0
Niko,60.0
Harpaz,0.0
Harpaz,0.0
Harpaz,0.0
Harpaz,0.0
Harpaz,0.0
Harpaz,0.0
Niko,0.0
Harpaz,0.0
Harpaz,60.0
Harpaz,0.0
Harpaz,0.0
Harpaz,0.0
Harpaz,0.0
Niko,0.0
Harpaz,0.0
Harpaz,0.0
Harpaz,0.0
Harpaz,0.0
Niko,0.0
Niko,60.0
Harpaz,0.0
Harpaz,0.0
Niko,0.0
Harpaz,0.0
Harpaz,60.0
Harpaz,0.0
Harpaz,0.0
Harpaz,0.0
Niko,60.0
Niko,0.0
Niko,0.0
Niko,0.0
Harpaz,120.0
Harpaz,0.0
Harpaz,0.0
Harpaz,0.0
Niko,0.0
Niko,0.0
Niko,60.0
Niko,0.0
Harpaz,60.0
Harpaz,0.0
Harpaz,0.0
Niko,0.0
Niko,0.0
Niko,0.0
Niko,60.0
Harpaz,0.0
Harpaz,0.0
Niko,0.0
Niko,60.0
Niko,120.0
Niko,60.0
Niko,0.0
Niko,0.0
Niko,0.0
Harpaz,0.0
Harpaz,60.0
Niko,0.0
Harpaz,120.0
Harpaz,0.0
Niko,60.0
Niko,60.0
Harpaz,0.0
Harpaz,0.0
Harpaz,0.0
Niko,60.0
Harpaz,0.0
Harpaz,0.0
Harpaz,0.0
Niko,0.0
Niko,120.0
Niko,0.0
Niko,0.0
Niko,60.0
Niko,0.0
Harpaz,0.0
Harpaz,0.0
Harpaz,60.0
Niko,0.0
Niko,0.0
Niko,0.0
Niko,0.0
Harpaz,0.0
Harpaz,60.0
Harpaz,0.0
Harpaz,0.0
Harpaz,0.0
Harpaz,60.0
Harpaz,0.0
Harpaz,0.0
Harpaz,0.0
Harpaz,0.0
Niko,180.0
Niko,0.0
Harpaz,60.0
Harpaz,0.0
Harpaz,0.0
Niko,0.0
Niko,0.0
Harpaz,0.0
Harpaz,0.0
Harpaz,60.0
Niko,0.0
Niko,0.0
Harpaz,66000.0
Niko,300.0
Harpaz,300.0
Harpaz,15180.0
Harpaz,60.0
Niko,0.0
Niko,60.0
Niko,0.0
Harpaz,0.0
Niko,121380.0
Harpaz,3660.0
Harpaz,0.0
Harpaz,204900.0
Harpaz,0.0
Niko,120.0
Niko,60.0
Niko,0.0
Niko,60.0
Harpaz,60.0
Niko,0.0
Niko,0.0
Harpaz,60.0
Harpaz,60.0
Harpaz,0.0
Niko,240.0
Niko,0.0
Niko,0.0
Harpaz,60.0
Harpaz,0.0
Harpaz,0.0
Niko,60.0
Niko,0.0
Niko,0.0
Harpaz,0.0
Niko,0.0
Niko,0.0
Niko,60.0
Harpaz,0.0
Harpaz,0.0
Niko,0.0
Niko,0.0
Niko,0.0
Niko,0.0
Harpaz,0.0
Harpaz,0.0
Harpaz,0.0
Niko,0.0
Harpaz,60.0
Harpaz,0.0
Niko,0.0
Niko,0.0
Harpaz,0.0
Niko,0.0
Niko,0.0
Niko,60.0
Harpaz,0.0
Harpaz,0.0
Niko,0.0
Harpaz,60.0
Niko,0.0
Niko,0.0
Harpaz,0.0
Niko,0.0
Niko,0.0
Niko,0.0
Niko,0.0
Harpaz,0.0
Niko,0.0
Niko,0.0
Harpaz,60.0
Niko,0.0
Niko,0.0
Harpaz,60.0
Harpaz,62640.0
Niko,60.0
Niko,0.0
Niko,1140.0
Harpaz,0.0
Niko,60.0
Niko,0.0
Harpaz,0.0
Niko,0.0
Harpaz,0.0
Harpaz,0.0
Niko,0.0
Niko,541980.0
Harpaz,60.0
Harpaz,0.0
Harpaz,0.0
Niko,0.0
Harpaz,0.0
Niko,0.0
Harpaz,0.0
Harpaz,60.0
Harpaz,0.0
Harpaz,0.0
Harpaz,0.0
Harpaz,0.0
Harpaz,0.0
Niko,0.0
Harpaz,60.0
Niko,0.0
Niko,0.0
Harpaz,0.0
Harpaz,0.0
Harpaz,0.0
Harpaz,60.0
Niko,120.0
Harpaz,180.0
Harpaz,0.0
Niko,120.0
Harpaz,0.0
Harpaz,60.0
Niko,0.0
Niko,0.0
Harpaz,0.0
Niko,60.0
Harpaz,0.0
Harpaz,0.0
Niko,120.0
Harpaz,60.0
Niko,0.0
Niko,0.0
Harpaz,0.0
Harpaz,60.0
Harpaz,180.0
Niko,180.0
Niko,0.0
Harpaz,180.0
Harpaz,60.0
Harpaz,0.0
Niko,60.0
Niko,0.0
Niko,0.0
Harpaz,0.0
Harpaz,0.0
Harpaz,60.0
Niko,60.0
Niko,0.0
Harpaz,60.0
Niko,0.0
Niko,0.0
Niko,0.0
Harpaz,60.0
Harpaz,0.0
Niko,0.0
Harpaz,0.0
Harpaz,0.0
Harpaz,60.0
Harpaz,0.0
Niko,0.0
Niko,0.0
Niko,0.0
Harpaz,0.0
Harpaz,60.0
Niko,60.0
Harpaz,1200.0
Harpaz,0.0
Niko,0.0
Niko,60.0
Harpaz,0.0
Niko,60.0
Harpaz,0.0
Niko,60.0
Niko,0.0
Niko,0.0
Niko,0.0
Harpaz,0.0
Harpaz,0.0
Niko,360.0
Harpaz,180.0
Harpaz,0.0
Niko,0.0
Harpaz,60.0
Niko,0.0
Niko,0.0
Niko,0.0
Niko,0.0
Harpaz,0.0
Niko,60.0
Harpaz,0.0
Harpaz,60.0
Niko,0.0
Niko,0.0
Niko,0.0
Niko,0.0
Harpaz,0.0
Harpaz,0.0
Harpaz,0.0
Harpaz,60.0
Harpaz,60.0
Niko,60.0
Niko,0.0
Niko,1980.0
Niko,0.0
Harpaz,60.0
Harpaz,0.0
Harpaz,0.0
Harpaz,0.0
Harpaz,0.0
Niko,120.0
Niko,0.0
Niko,0.0
Harpaz,60.0
Harpaz,2460.0
Niko,0.0
Niko,0.0
Harpaz,1800.0
Niko,60.0
Harpaz,240.0
Harpaz,0.0
Harpaz,120.0
Niko,180.0
Niko,0.0
Harpaz,60.0
Harpaz,0.0
Harpaz,0.0
Niko,60.0
Niko,0.0
Harpaz,0.0
Harpaz,0.0
Niko,0.0
Niko,0.0
Harpaz,0.0
Niko,0.0
Harpaz,0.0
Harpaz,0.0
Niko,0.0
Harpaz,60.0
Harpaz,120.0
Niko,60.0
Niko,0.0
Harpaz,0.0
Harpaz,0.0
Niko,0.0
Niko,0.0
Harpaz,0.0
Niko,0.0
Niko,60.0
Harpaz,0.0
Niko,0.0
Niko,0.0
Niko,180.0
Niko,0.0
Harpaz,60.0
Harpaz,0.0
Harpaz,0.0
Niko,0.0
Niko,0.0
Harpaz,0.0
Niko,0.0
Harpaz,0.0
Harpaz,60.0
Niko,0.0
Harpaz,0.0
Harpaz,0.0
Niko,0.0
Harpaz,0.0
Harpaz,0.0
Harpaz,0.0
Harpaz,0.0
Niko,0.0
Harpaz,0.0
Niko,0.0
Harpaz,60.0
Harpaz,0.0
Niko,0.0
Harpaz,0.0
Niko,0.0
Harpaz,0.0
Niko,0.0
Harpaz,60.0
Niko,0.0
Niko,0.0
Harpaz,0.0
Harpaz,0.0
Harpaz,0.0
Niko,0.0
Niko,0.0
Harpaz,0.0
Niko,60.0
Harpaz,0.0
Niko,0.0
Harpaz,0.0
Harpaz,0.0
Harpaz,0.0
Niko,0.0
Harpaz,60.0
Niko,0.0
Harpaz,0.0
Niko,0.0
Niko,0.0
Niko,0.0
Harpaz,0.0
Niko,0.0
Harpaz,60.0
Harpaz,0.0
Niko,0.0
Niko,0.0
Niko,0.0
Harpaz,0.0
Niko,60.0
Harpaz,0.0
Niko,0.0
Harpaz,0.0
Niko,0.0
Harpaz,60.0
Harpaz,0.0
Niko,0.0
Niko,0.0
Niko,0.0
Niko,0.0
Niko,0.0
Harpaz,60.0
Niko,0.0
Niko,0.0
Harpaz,0.0
Harpaz,0.0
Niko,0.0
Harpaz,0.0
Niko,0.0
Niko,0.0
Niko,0.0
Harpaz,60.0
Niko,0.0
Niko,0.0
Harpaz,0.0
Niko,0.0
Niko,0.0
Harpaz,60.0
Niko,0.0
Harpaz,0.0
Harpaz,0.0
Niko,0.0
Harpaz,60.0
Harpaz,60.0
Harpaz,0.0
Niko,0.0
Niko,0.0
Harpaz,0.0
Niko,60.0
Niko,0.0
Harpaz,60.0
Harpaz,0.0
Niko,0.0
Harpaz,0.0
Niko,180.0
Niko,0.0
Harpaz,0.0
Harpaz,6300.0
Harpaz,0.0
Harpaz,0.0
Harpaz,4140.0
Harpaz,0.0
Niko,23340.0
Niko,0.0
Harpaz,0.0
Harpaz,0.0
Harpaz,0.0
Niko,60.0
Niko,0.0
Harpaz,60.0
Harpaz,0.0
Harpaz,60.0
Niko,3120.0
Harpaz,60.0
Harpaz,0.0
Niko,60.0
Harpaz,0.0
Harpaz,0.0
Niko,0.0
Niko,0.0
Harpaz,60.0
Harpaz,0.0
Niko,540.0
Niko,0.0
Harpaz,180.0
Harpaz,0.0
Harpaz,0.0
Harpaz,60.0
Harpaz,0.0
Harpaz,0.0
Harpaz,0.0
Niko,360.0
Harpaz,60.0
Harpaz,0.0
Niko,0.0
Harpaz,0.0
Niko,0.0
Harpaz,180.0
Harpaz,60.0
Niko,20640.0
Niko,0.0
Harpaz,60.0
Harpaz,0.0
Harpaz,0.0
Niko,0.0
Harpaz,0.0
Niko,60.0
Harpaz,0.0
Harpaz,0.0
Niko,60.0
Niko,0.0
Niko,0.0
Harpaz,60.0
Harpaz,0.0
Niko,60.0
Niko,0.0
Niko,0.0
Harpaz,60.0
Harpaz,0.0
Harpaz,0.0
Niko,0.0
Harpaz,0.0
Niko,0.0
Harpaz,0.0
Niko,120.0
Niko,0.0
Harpaz,0.0
Niko,60.0
Harpaz,0.0
Niko,0.0
Harpaz,0.0
Niko,60.0
Harpaz,0.0
Niko,0.0
Niko,60.0
Harpaz,0.0
Harpaz,0.0
Niko,0.0
Harpaz,0.0
Niko,0.0
Niko,0.0
Niko,0.0
Niko,0.0
Niko,0.0
Harpaz,0.0
Harpaz,60.0
Niko,0.0
Niko,0.0
Harpaz,0.0
Harpaz,0.0
Niko,0.0
Niko,0.0
Niko,0.0
Harpaz,0.0
Niko,60.0
Niko,0.0
Harpaz,0.0
Niko,60.0
Niko,0.0
Harpaz,0.0
Niko,0.0
Harpaz,0.0
Harpaz,60.0
Niko,0.0
Harpaz,0.0
Harpaz,60.0
Harpaz,0.0
Niko,0.0
Harpaz,70440.0
Niko,480.0
Niko,0.0
Harpaz,908880.0
Harpaz,0.0
Harpaz,0.0
Niko,11400.0
Harpaz,21720.0
Harpaz,0.0
Niko,7680.0
Harpaz,60.0
Harpaz,0.0
Niko,0.0
Niko,0.0
Harpaz,0.0
Niko,60.0
Harpaz,1020.0
Harpaz,117600.0
Harpaz,0.0
Niko,60.0
Niko,0.0
Harpaz,0.0
Harpaz,60.0
Niko,0.0
Harpaz,0.0
Harpaz,60.0
Harpaz,0.0
Harpaz,0.0
Niko,0.0
Niko,0.0
Niko,0.0
Harpaz,660.0
Harpaz,0.0
Niko,0.0
Niko,0.0
Niko,60.0
Harpaz,0.0
Harpaz,70680.0
Niko,60.0
Niko,0.0
Harpaz,0.0
Niko,0.0
Niko,0.0
Harpaz,0.0
Harpaz,0.0
Harpaz,0.0
Harpaz,60.0
Harpaz,0.0
Niko,0.0
Niko,0.0
Niko,0.0
Harpaz,60.0
Harpaz,0.0
Niko,60.0
Harpaz,0.0
Niko,0.0
Niko,0.0
Niko,60.0
Harpaz,60.0
Harpaz,0.0
Niko,60.0
Harpaz,0.0
Niko,60.0
Niko,0.0
Harpaz,60.0
Niko,120.0
Harpaz,60.0
Niko,240.0
Harpaz,60.0
Harpaz,0.0
Niko,0.0
Niko,0.0
Niko,0.0
Harpaz,60.0
Niko,0.0
Harpaz,60.0
Niko,81000.0
Harpaz,1860.0
Harpaz,0.0
Harpaz,0.0
Harpaz,60.0
Harpaz,0.0
Harpaz,60.0
Harpaz,60.0
Harpaz,0.0
Harpaz,0.0
Harpaz,0.0
Harpaz,60.0
Harpaz,0.0
Harpaz,60.0
Harpaz,0.0
Niko,960.0
Harpaz,0.0
Harpaz,0.0
Harpaz,0.0
Niko,2460.0
Niko,0.0
Niko,0.0
Niko,0.0
Niko,2100.0
Niko,60.0
Harpaz,0.0
Harpaz,0.0
Harpaz,0.0
Niko,60.0
Niko,0.0
Niko,0.0
Harpaz,0.0
Niko,0.0
Niko,0.0
Harpaz,60.0
Harpaz,0.0
Harpaz,0.0
Niko,60.0
Niko,0.0
Harpaz,480.0
Harpaz,0.0
Harpaz,0.0
Harpaz,0.0
Niko,0.0
Niko,60.0
Harpaz,0.0
Niko,360.0
Niko,0.0
Harpaz,0.0
Harpaz,2040.0
Niko,480.0
Niko,0.0
Harpaz,10080.0
Harpaz,0.0
Harpaz,0.0
Harpaz,2100.0
Harpaz,0.0
Harpaz,0.0
Harpaz,0.0
Harpaz,60.0
Niko,86340.0
Niko,0.0
Niko,0.0
Harpaz,60.0
Harpaz,0.0
Niko,0.0
Harpaz,60.0
Harpaz,0.0
Niko,180.0
Niko,0.0
Harpaz,60.0
Niko,480.0
Niko,0.0
Niko,60.0
Niko,0.0
Niko,60.0
Niko,0.0
Niko,60.0
Harpaz,0.0
Niko,0.0
Niko,0.0
Niko,0.0
Harpaz,60.0
Harpaz,0.0
Harpaz,0.0
Niko,0.0
Niko,60.0
Niko,0.0
Harpaz,0.0
Harpaz,0.0
Harpaz,0.0
Niko,60.0
Niko,0.0
Niko,0.0
Niko,0.0
Niko,0.0
Niko,0.0
Harpaz,0.0
Harpaz,0.0
Harpaz,0.0
Harpaz,0.0
Niko,60.0
Harpaz,0.0
Harpaz,0.0
Harpaz,0.0
Niko,0.0
Harpaz,0.0
Niko,0.0
Harpaz,0.0
Niko,60.0
Harpaz,0.0
Harpaz,0.0
Harpaz,0.0
Niko,60.0
Niko,0.0
Niko,0.0
Niko,0.0
Niko,0.0
Niko,0.0
Niko,0.0
Niko,60.0
Niko,0.0
Niko,0.0
Niko,60.0
Niko,0.0
Niko,0.0
Harpaz,0.0
Harpaz,0.0
Niko,0.0
Niko,60.0
Niko,0.0
Niko,0.0
Niko,0.0
Niko,0.0
Niko,60.0
Harpaz,0.0
Harpaz,60.0
Niko,0.0
Harpaz,0.0
Harpaz,0.0
Harpaz,0.0
Niko,0.0
Niko,0.0
Niko,60.0
Harpaz,0.0
Harpaz,0.0
Niko,0.0
Niko,0.0
Niko,0.0
Niko,60.0
Harpaz,0.0
Niko,60.0
Niko,0.0
Niko,0.0
Harpaz,60.0
Niko,0.0
Harpaz,0.0
Niko,0.0
Niko,0.0
Niko,0.0
Niko,60.0
Niko,0.0
Niko,0.0
Niko,0.0
Niko,60.0
Harpaz,0.0
Niko,0.0
Harpaz,0.0
Harpaz,0.0
Harpaz,0.0
Niko,0.0
Niko,0.0
Niko,60.0
Niko,0.0
Harpaz,60.0
Niko,180.0
Harpaz,0.0
Niko,0.0
Niko,0.0
Harpaz,60.0
Harpaz,60.0
Harpaz,0.0
Harpaz,0.0
Harpaz,0.0
Niko,180.0
Harpaz,120.0
Harpaz,0.0
Niko,0.0
Harpaz,60.0
Niko,0.0
Harpaz,0.0
Harpaz,0.0
Harpaz,60.0
Harpaz,0.0
Harpaz,0.0
Niko,0.0
Niko,60.0
Harpaz,0.0
Harpaz,0.0
Harpaz,0.0
Harpaz,60.0
Harpaz,0.0
Harpaz,0.0
Niko,120.0
Niko,60.0
Harpaz,0.0
Harpaz,0.0
Harpaz,0.0
Niko,2700.0
Niko,120.0
Harpaz,60.0
Niko,60.0
Niko,0.0
Niko,0.0
Harpaz,0.0
Niko,60.0
Niko,0.0
Harpaz,120.0
Niko,60.0
Niko,0.0
Niko,0.0
Niko,60.0
Harpaz,420.0
Niko,35760.0
Niko,0.0
Harpaz,0.0
Niko,0.0
Niko,60.0
Harpaz,0.0
Harpaz,0.0
Harpaz,0.0
Niko,60.0
Harpaz,0.0
Niko,0.0
Harpaz,60.0
Niko,0.0
Niko,0.0
Niko,0.0
Harpaz,0.0
Niko,0.0
Harpaz,60.0
Harpaz,0.0
Harpaz,0.0
Harpaz,0.0
Harpaz,0.0
Niko,60.0
Niko,0.0
Niko,0.0
Niko,0.0
Niko,0.0
Niko,0.0
Harpaz,60.0
Harpaz,0.0
Harpaz,0.0
Harpaz,0.0
Niko,0.0
Harpaz,0.0
Harpaz,60.0
Niko,0.0
Harpaz,0.0
Niko,0.0
Harpaz,0.0
Niko,0.0
Niko,0.0
Harpaz,0.0
Harpaz,0.0
Niko,0.0
Harpaz,60.0
Niko,0.0
Niko,0.0
Niko,0.0
Niko,0.0
Niko,0.0
Harpaz,60.0
Niko,0.0
Harpaz,0.0
Harpaz,60.0
Niko,0.0
Harpaz,0.0
Niko,0.0
Niko,0.0
Harpaz,0.0
Harpaz,0.0
Harpaz,0.0
Harpaz,60.0
Harpaz,0.0
Harpaz,60.0
Harpaz,0.0
Niko,0.0
Harpaz,60.0
Niko,0.0
Harpaz,0.0
Harpaz,60.0
Niko,0.0
Harpaz,0.0
Harpaz,0.0
Harpaz,60.0
Harpaz,0.0
Harpaz,0.0
Harpaz,0.0
Harpaz,60.0
Niko,180.0
Harpaz,0.0
Niko,170100.0
Harpaz,240.0
Harpaz,0.0
Niko,780.0
Harpaz,780.0
Harpaz,0.0
Harpaz,0.0
Harpaz,60.0
Niko,0.0
Niko,60.0
Harpaz,0.0
Harpaz,0.0
Niko,120.0
Niko,0.0
Harpaz,0.0
Harpaz,0.0
Niko,0.0
Harpaz,60.0
Niko,120.0
Harpaz,120.0
Niko,0.0
Niko,60.0
Niko,0.0
Niko,0.0
Harpaz,60.0
Harpaz,0.0
Niko,0.0
Niko,0.0
Harpaz,0.0
Harpaz,0.0
Harpaz,60.0
Niko,0.0
Harpaz,0.0
Niko,60.0
Harpaz,0.0
Harpaz,127980.0
Niko,60.0
Harpaz,0.0
Harpaz,6840.0
Niko,660.0
Niko,0.0
Harpaz,0.0
Harpaz,0.0
Harpaz,60.0
Niko,60.0
Harpaz,0.0
Niko,60.0
Niko,0.0
Harpaz,0.0
Harpaz,60.0
Harpaz,0.0
Niko,0.0
Niko,0.0
Harpaz,1560.0
Harpaz,0.0
Niko,240.0
Harpaz,54540.0
Harpaz,60.0
Niko,3840.0
Niko,0.0
Harpaz,60.0
Harpaz,0.0
Harpaz,0.0
Harpaz,0.0
Harpaz,60.0
Harpaz,0.0
Niko,0.0
Niko,0.0
Harpaz,0.0
Harpaz,0.0
Harpaz,60.0
Harpaz,0.0
Niko,0.0
Niko,0.0
Harpaz,1260.0
Niko,4620.0
Harpaz,60.0
Harpaz,0.0
Harpaz,0.0
Harpaz,0.0
Niko,0.0
Harpaz,0.0
Harpaz,0.0
Niko,180.0
Niko,0.0
Harpaz,60.0
Harpaz,0.0
Harpaz,0.0
Harpaz,0.0
Harpaz,0.0
Niko,120.0
Niko,0.0
Harpaz,0.0
Niko,0.0
Harpaz,60.0
Harpaz,0.0
Harpaz,0.0
Niko,0.0
Harpaz,60.0
Niko,600.0
Niko,0.0
Niko,60.0
Harpaz,0.0
Harpaz,60.0
Niko,0.0
Harpaz,0.0
Niko,0.0
Niko,60.0
Niko,0.0
Niko,0.0
Harpaz,60.0
Harpaz,0.0
Niko,180.0
Niko,0.0
Harpaz,180.0
Harpaz,0.0
Harpaz,0.0
Niko,60.0
Harpaz,0.0
Harpaz,0.0
Niko,0.0
Harpaz,0.0
Harpaz,0.0
Niko,0.0
Niko,0.0
Harpaz,0.0
Niko,0.0
Harpaz,60.0
Harpaz,0.0
Harpaz,0.0
Harpaz,0.0
Niko,20580.0
Niko,0.0
Niko,0.0
Niko,0.0
Harpaz,3420.0
Harpaz,0.0
Niko,60.0
Harpaz,660.0
Harpaz,0.0
Niko,0.0
Harpaz,300.0
Niko,0.0
Harpaz,240.0
Harpaz,0.0
Niko,0.0
Harpaz,300.0
Niko,60.0
Niko,0.0
Harpaz,60.0
Niko,35880.0
Harpaz,1380.0
Niko,28440.0
Harpaz,60.0
Harpaz,0.0
Harpaz,60.0
Niko,0.0
Harpaz,0.0
Harpaz,60.0
Harpaz,0.0
Harpaz,0.0
Harpaz,0.0
Niko,0.0
Niko,60.0
Harpaz,0.0
Harpaz,0.0
Harpaz,0.0
Niko,0.0
Niko,0.0
Niko,0.0
Niko,0.0
Harpaz,0.0
Harpaz,60.0
Niko,0.0
Harpaz,0.0
Harpaz,0.0
Niko,0.0
Niko,0.0
Harpaz,180.0
Harpaz,0.0
Niko,0.0
Niko,0.0
Harpaz,0.0
Niko,60.0
Harpaz,60.0
Niko,60.0
Niko,0.0
Niko,0.0
Niko,0.0
Niko,0.0
Niko,0.0
Harpaz,840.0
Harpaz,0.0
Niko,180.0
Harpaz,431760.0
Harpaz,0.0
Niko,120.0
Niko,0.0
Niko,0.0
Niko,0.0
Harpaz,60.0
Niko,0.0
Harpaz,60.0
Harpaz,0.0
Niko,0.0
Niko,60.0
Harpaz,0.0
Harpaz,0.0
Harpaz,0.0
Niko,300.0
Harpaz,420.0
Harpaz,0.0
Niko,0.0
Harpaz,0.0
Niko,60.0
Harpaz,0.0
Harpaz,0.0
Niko,0.0
Niko,0.0
Niko,180.0
Harpaz,420.0
Niko,2460.0
Harpaz,2760.0
Harpaz,0.0
Niko,720.0
Harpaz,840.0
Harpaz,0.0
Niko,60.0
Niko,58740.0
Harpaz,60.0
Niko,0.0
Niko,0.0
Niko,60.0
Niko,0.0
Harpaz,0.0
Niko,0.0
Niko,0.0
Niko,60.0
Harpaz,0.0
Harpaz,0.0
Harpaz,0.0
Niko,240.0
Niko,0.0
Harpaz,240.0
Harpaz,60.0
Harpaz,0.0
Harpaz,0.0
Niko,60.0
Niko,0.0
Niko,120.0
Harpaz,32100.0
Niko,60.0
Niko,0.0
Harpaz,60.0
Harpaz,0.0
Harpaz,0.0
Harpaz,0.0
Niko,0.0
Niko,0.0
Harpaz,60.0
Harpaz,0.0
Harpaz,0.0
Niko,0.0
Niko,0.0
Niko,60.0
Harpaz,0.0
Niko,0.0
Harpaz,120.0
Niko,165060.0
Niko,60.0
Harpaz,1500.0
Harpaz,0.0
Niko,60.0
Harpaz,60.0
Harpaz,0.0
Niko,360.0
Harpaz,60.0
Harpaz,0.0
Niko,600.0
Niko,0.0
Niko,60.0
Harpaz,180.0
Harpaz,0.0
Harpaz,60.0
Niko,0.0
Niko,0.0
Harpaz,0.0
Niko,60.0
Niko,0.0
Harpaz,0.0
Harpaz,60.0
Niko,60.0
Niko,412560.0
Niko,0.0
Niko,0.0
Niko,0.0
Niko,0.0
Harpaz,0.0
Harpaz,0.0
Harpaz,0.0
Harpaz,0.0
Harpaz,0.0
Niko,0.0
Harpaz,60.0
Harpaz,0.0
Harpaz,0.0
Niko,60.0
Niko,0.0
Harpaz,0.0
Harpaz,60.0
Harpaz,0.0
Harpaz,0.0
Niko,60.0
Niko,0.0
Niko,0.0
Harpaz,0.0
Harpaz,0.0
Harpaz,60.0
Niko,0.0
Niko,0.0
Harpaz,60.0
Harpaz,0.0
Harpaz,60.0
Niko,60.0
Niko,0.0
Harpaz,60.0
Harpaz,0.0
Harpaz,0.0
Niko,0.0
Niko,0.0
Harpaz,180.0
Niko,0.0
Harpaz,0.0
Harpaz,0.0
Niko,60.0
Harpaz,240.0
Niko,0.0
Harpaz,60.0
Harpaz,0.0
Harpaz,0.0
Harpaz,0.0
Harpaz,60.0
Harpaz,0.0
Niko,240.0
Harpaz,60.0
Harpaz,0.0
Harpaz,0.0
Harpaz,60.0
Niko,480.0
Harpaz,0.0
Niko,267480.0
Niko,0.0
Niko,0.0
Harpaz,60.0
Harpaz,260760.0
Harpaz,0.0
Harpaz,0.0
Niko,540.0
Harpaz,93600.0
Harpaz,0.0
Harpaz,0.0
Niko,4860.0
Harpaz,46320.0
Niko,60.0
Harpaz,6240.0
Niko,0.0
Niko,60.0
Harpaz,0.0
Niko,0.0
Niko,0.0
Niko,60.0
Harpaz,0.0
Harpaz,0.0
Harpaz,0.0
Niko,120.0
Niko,0.0
Niko,0.0
Niko,0.0
Niko,60.0
Harpaz,60.0
Harpaz,0.0
Niko,120.0
Niko,0.0
Harpaz,240.0
Harpaz,60.0
Niko,0.0
Harpaz,0.0
Harpaz,0.0
Harpaz,0.0
Harpaz,0.0
Niko,60.0
Niko,60.0
Harpaz,60.0
Harpaz,0.0
Harpaz,0.0
Niko,600.0
Harpaz,0.0
Harpaz,60.0
Niko,0.0
Harpaz,180.0
Harpaz,60.0
Harpaz,0.0
Niko,180.0
Harpaz,60.0
Niko,360.0
Harpaz,0.0
Harpaz,60.0
Niko,300.0
Harpaz,6900.0
Niko,60.0
Harpaz,60.0
Niko,60.0
Niko,0.0
Harpaz,0.0
Harpaz,0.0
Niko,0.0
Harpaz,0.0
Harpaz,0.0
Niko,60.0
Harpaz,0.0
Niko,0.0
Niko,0.0
Niko,0.0
Harpaz,2580.0
Harpaz,0.0
Harpaz,60.0
Harpaz,120.0
Niko,0.0
Niko,0.0
Harpaz,0.0
Niko,420.0
Harpaz,180.0
Niko,0.0
Niko,0.0
Niko,0.0
Harpaz,60.0
Niko,0.0
Niko,0.0
Harpaz,60.0
Harpaz,0.0
Harpaz,0.0
Niko,60.0
Niko,0.0
Harpaz,0.0
Niko,60.0
Harpaz,0.0
Harpaz,4980.0
Harpaz,0.0
Niko,180.0
Niko,0.0
Niko,0.0
Niko,0.0
Niko,0.0
Niko,0.0
Harpaz,60.0
Harpaz,60.0
Harpaz,0.0
Niko,0.0
Niko,360.0
Niko,0.0
Harpaz,0.0
Niko,0.0
Niko,60.0
Harpaz,0.0
Harpaz,0.0
Niko,0.0
Niko,60.0
Niko,0.0
Harpaz,4140.0
Harpaz,0.0
Niko,180.0
Harpaz,1140.0
Niko,0.0
Harpaz,8940.0
Niko,120.0
Harpaz,0.0
Niko,0.0
Niko,60.0
Harpaz,0.0
Niko,0.0
Niko,0.0
Harpaz,0.0
Harpaz,60.0
Niko,0.0
Niko,0.0
Niko,0.0
Harpaz,0.0
Niko,0.0
Harpaz,60.0
Harpaz,0.0
Harpaz,0.0
Niko,0.0
Niko,0.0
Harpaz,0.0
Niko,60.0
Niko,0.0
Harpaz,0.0
Niko,0.0
Niko,0.0
Niko,0.0
Harpaz,0.0
Harpaz,6360.0
Harpaz,0.0
Harpaz,60.0
Harpaz,0.0
Harpaz,0.0
Niko,23580.0
Harpaz,540.0
Harpaz,60.0
Niko,1020.0
Niko,0.0
Niko,0.0
Harpaz,267120.0
Harpaz,0.0
Niko,3000.0
Niko,60.0
Niko,0.0
Harpaz,12600.0
Niko,300.0
Niko,0.0
Harpaz,2880.0
Niko,162000.0
Harpaz,60.0
Harpaz,0.0
Harpaz,0.0
Niko,0.0
Niko,0.0
Niko,60.0
Harpaz,0.0
Harpaz,0.0
Niko,0.0
Harpaz,0.0
Niko,0.0
Niko,0.0
Niko,0.0
Harpaz,0.0
Harpaz,60.0
Harpaz,0.0
Niko,0.0
Harpaz,0.0
Niko,0.0
Harpaz,0.0
Harpaz,0.0
Niko,60.0
Harpaz,0.0
Niko,60.0
Harpaz,0.0
Niko,0.0
Niko,0.0
Niko,0.0
Niko,0.0
Harpaz,0.0
Harpaz,0.0
Niko,0.0
Niko,60.0
Niko,0.0
Harpaz,60.0
Niko,0.0
Harpaz,60.0
Niko,0.0
Niko,0.0
Niko,0.0
Harpaz,19320.0
Harpaz,0.0
Harpaz,0.0
Niko,1860.0
Harpaz,300.0
Harpaz,71640.0
Harpaz,0.0
Niko,1560.0
Harpaz,60.0
Harpaz,0.0
Harpaz,0.0
Niko,0.0
Niko,0.0
Harpaz,0.0
Niko,1380.0
Niko,0.0
Harpaz,120.0
Harpaz,0.0
Harpaz,0.0
Niko,60.0
Niko,60.0
Harpaz,0.0
Niko,0.0
Harpaz,0.0
Niko,0.0
Niko,0.0
Harpaz,0.0
Niko,0.0
Harpaz,60.0
Harpaz,0.0
Harpaz,0.0
Harpaz,0.0
Niko,60.0
Niko,0.0
Harpaz,0.0
Harpaz,0.0
Harpaz,0.0
Harpaz,0.0
Harpaz,60.0
Harpaz,0.0
Niko,0.0
Niko,0.0
Niko,60.0
Harpaz,0.0
Harpaz,0.0
Harpaz,0.0
Harpaz,60.0
Niko,0.0
Harpaz,0.0
Harpaz,198180.0
Niko,240.0
Harpaz,0.0
Harpaz,0.0
Harpaz,0.0
Niko,60.0
Niko,0.0
Harpaz,0.0
Niko,60.0
Niko,0.0
Niko,0.0
Niko,0.0
Harpaz,0.0
Harpaz,0.0
Niko,0.0
Niko,0.0
Harpaz,60.0
Harpaz,0.0
Niko,0.0
Harpaz,0.0
Niko,0.0
Niko,0.0
Harpaz,0.0
Niko,0.0
Niko,0.0
Harpaz,0.0
Harpaz,0.0
Niko,0.0
Harpaz,0.0
Niko,0.0
Niko,0.0
Harpaz,0.0
Harpaz,60.0
Niko,0.0
Harpaz,0.0
Niko,0.0
Harpaz,0.0
Harpaz,0.0
Harpaz,0.0
Niko,240.0
Harpaz,60.0
Harpaz,0.0
Harpaz,0.0
Niko,0.0
Harpaz,2400.0
Niko,420.0
Niko,0.0
Niko,0.0
Harpaz,0.0
Niko,60.0
Niko,0.0
Harpaz,300.0
Harpaz,0.0
Niko,300.0
Niko,0.0
Niko,0.0
Harpaz,60.0
Harpaz,0.0
Harpaz,0.0
Niko,0.0
Niko,0.0
Harpaz,0.0
Niko,60.0
Niko,0.0
Harpaz,0.0
Harpaz,0.0
Harpaz,0.0
Harpaz,0.0
Harpaz,60.0
Harpaz,0.0
Niko,180.0
Niko,0.0
Niko,60.0
Harpaz,0.0
Harpaz,0.0
Harpaz,0.0
Niko,0.0
Harpaz,0.0
Niko,0.0
Harpaz,0.0
Harpaz,0.0
Niko,60.0
Harpaz,0.0
Harpaz,0.0
Niko,0.0
Harpaz,0.0
Niko,0.0
Niko,0.0
Harpaz,60.0
Harpaz,0.0
Niko,0.0
Niko,0.0
Niko,0.0
Niko,0.0
Niko,0.0
Harpaz,0.0
Niko,0.0
Harpaz,0.0
Niko,0.0
Harpaz,60.0
Niko,0.0
Niko,0.0
Niko,0.0
Harpaz,0.0
Harpaz,0.0
Harpaz,0.0
Niko,0.0
Niko,60.0
Niko,0.0
Niko,0.0
Harpaz,0.0
Niko,0.0
Harpaz,0.0
Harpaz,0.0
Niko,0.0
Harpaz,0.0
Harpaz,0.0
Harpaz,0.0
Harpaz,60.0
Niko,0.0
Harpaz,0.0
Harpaz,0.0
Niko,0.0
Niko,0.0
Harpaz,0.0
Niko,0.0
Harpaz,0.0
Harpaz,0.0
Niko,0.0
Harpaz,0.0
Harpaz,0.0
Niko,0.0
Niko,141780.0
Harpaz,120.0
Harpaz,16440.0
Niko,540.0
Harpaz,0.0
Harpaz,0.0
Harpaz,0.0
Harpaz,143580.0
Niko,180.0
Harpaz,60.0
Harpaz,60.0
Niko,60.0
Niko,0.0
Niko,0.0
Niko,0.0
Niko,0.0
Harpaz,240.0
Harpaz,0.0
Niko,0.0
Harpaz,300.0
Harpaz,0.0
Harpaz,0.0
Harpaz,0.0
Niko,420.0
Niko,0.0
Niko,60.0
Niko,0.0
Harpaz,60.0
Niko,60.0
Harpaz,240.0
Niko,960.0
Harpaz,300.0
Harpaz,0.0
Niko,60.0
Niko,0.0
Niko,0.0
Harpaz,0.0
Niko,0.0
Niko,0.0
Niko,0.0
Harpaz,0.0
Harpaz,60.0
Niko,0.0
Harpaz,34380.0
Niko,120.0
Harpaz,0.0
Niko,300.0
Niko,0.0
Niko,0.0
Niko,0.0
Harpaz,0.0
Harpaz,60.0
Harpaz,0.0
Harpaz,0.0
Niko,480.0
Harpaz,0.0
Harpaz,0.0
Harpaz,0.0
Harpaz,60.0
Niko,0.0
Niko,0.0
Harpaz,60.0
Harpaz,0.0
Harpaz,60.0
Niko,240.0
Harpaz,360.0
Harpaz,0.0
Niko,60.0
Harpaz,660.0
Niko,33240.0
Niko,0.0
Harpaz,3840.0
Harpaz,60.0
Niko,60.0
Niko,0.0
Niko,4440.0
Harpaz,2100.0
Niko,0.0
Harpaz,420.0
Harpaz,0.0
Niko,300.0
